-- MySQL dump 10.13  Distrib 5.5.46, for debian-linux-gnu (x86_64)
--
-- Host: localhost    Database: eventhub
-- ------------------------------------------------------
-- Server version	5.5.46-0ubuntu0.14.04.2

/*!40101 SET @OLD_CHARACTER_SET_CLIENT=@@CHARACTER_SET_CLIENT */;
/*!40101 SET @OLD_CHARACTER_SET_RESULTS=@@CHARACTER_SET_RESULTS */;
/*!40101 SET @OLD_COLLATION_CONNECTION=@@COLLATION_CONNECTION */;
/*!40101 SET NAMES utf8 */;
/*!40103 SET @OLD_TIME_ZONE=@@TIME_ZONE */;
/*!40103 SET TIME_ZONE='+00:00' */;
/*!40014 SET @OLD_UNIQUE_CHECKS=@@UNIQUE_CHECKS, UNIQUE_CHECKS=0 */;
/*!40014 SET @OLD_FOREIGN_KEY_CHECKS=@@FOREIGN_KEY_CHECKS, FOREIGN_KEY_CHECKS=0 */;
/*!40101 SET @OLD_SQL_MODE=@@SQL_MODE, SQL_MODE='NO_AUTO_VALUE_ON_ZERO' */;
/*!40111 SET @OLD_SQL_NOTES=@@SQL_NOTES, SQL_NOTES=0 */;

--
-- Table structure for table `auth_group`
--

DROP TABLE IF EXISTS `auth_group`;
/*!40101 SET @saved_cs_client     = @@character_set_client */;
/*!40101 SET character_set_client = utf8 */;
CREATE TABLE `auth_group` (
  `id` int(11) NOT NULL AUTO_INCREMENT,
  `name` varchar(80) NOT NULL,
  PRIMARY KEY (`id`),
  UNIQUE KEY `name` (`name`)
) ENGINE=InnoDB AUTO_INCREMENT=2 DEFAULT CHARSET=latin1;
/*!40101 SET character_set_client = @saved_cs_client */;

--
-- Dumping data for table `auth_group`
--

LOCK TABLES `auth_group` WRITE;
/*!40000 ALTER TABLE `auth_group` DISABLE KEYS */;
INSERT INTO `auth_group` VALUES (1,'eventmanagers');
/*!40000 ALTER TABLE `auth_group` ENABLE KEYS */;
UNLOCK TABLES;

--
-- Table structure for table `auth_group_permissions`
--

DROP TABLE IF EXISTS `auth_group_permissions`;
/*!40101 SET @saved_cs_client     = @@character_set_client */;
/*!40101 SET character_set_client = utf8 */;
CREATE TABLE `auth_group_permissions` (
  `id` int(11) NOT NULL AUTO_INCREMENT,
  `group_id` int(11) NOT NULL,
  `permission_id` int(11) NOT NULL,
  PRIMARY KEY (`id`),
  UNIQUE KEY `group_id` (`group_id`,`permission_id`),
  KEY `auth_group_permissions_0e939a4f` (`group_id`),
  KEY `auth_group_permissions_8373b171` (`permission_id`)
) ENGINE=InnoDB AUTO_INCREMENT=16 DEFAULT CHARSET=latin1;
/*!40101 SET character_set_client = @saved_cs_client */;

--
-- Dumping data for table `auth_group_permissions`
--

LOCK TABLES `auth_group_permissions` WRITE;
/*!40000 ALTER TABLE `auth_group_permissions` DISABLE KEYS */;
INSERT INTO `auth_group_permissions` VALUES (10,1,22),(11,1,23),(12,1,24),(13,1,25),(14,1,26),(15,1,27),(7,1,34),(8,1,35),(9,1,36);
/*!40000 ALTER TABLE `auth_group_permissions` ENABLE KEYS */;
UNLOCK TABLES;

--
-- Table structure for table `auth_permission`
--

DROP TABLE IF EXISTS `auth_permission`;
/*!40101 SET @saved_cs_client     = @@character_set_client */;
/*!40101 SET character_set_client = utf8 */;
CREATE TABLE `auth_permission` (
  `id` int(11) NOT NULL AUTO_INCREMENT,
  `content_type_id` int(11) NOT NULL,
  `codename` varchar(100) NOT NULL,
  `name` varchar(255) NOT NULL,
  PRIMARY KEY (`id`),
  UNIQUE KEY `content_type_id` (`content_type_id`,`codename`),
  KEY `auth_permission_417f1b1c` (`content_type_id`)
) ENGINE=InnoDB AUTO_INCREMENT=37 DEFAULT CHARSET=latin1;
/*!40101 SET character_set_client = @saved_cs_client */;

--
-- Dumping data for table `auth_permission`
--

LOCK TABLES `auth_permission` WRITE;
/*!40000 ALTER TABLE `auth_permission` DISABLE KEYS */;
INSERT INTO `auth_permission` VALUES (1,1,'add_logentry','Can add log entry'),(2,1,'change_logentry','Can change log entry'),(3,1,'delete_logentry','Can delete log entry'),(4,2,'add_permission','Can add permission'),(5,2,'change_permission','Can change permission'),(6,2,'delete_permission','Can delete permission'),(7,3,'add_group','Can add group'),(8,3,'change_group','Can change group'),(9,3,'delete_group','Can delete group'),(10,4,'add_user','Can add user'),(11,4,'change_user','Can change user'),(12,4,'delete_user','Can delete user'),(13,5,'add_contenttype','Can add content type'),(14,5,'change_contenttype','Can change content type'),(15,5,'delete_contenttype','Can delete content type'),(16,6,'add_session','Can add session'),(17,6,'change_session','Can change session'),(18,6,'delete_session','Can delete session'),(19,7,'add_userprofile','Can add user profile'),(20,7,'change_userprofile','Can change user profile'),(21,7,'delete_userprofile','Can delete user profile'),(22,8,'add_content','Can add content'),(23,8,'change_content','Can change content'),(24,8,'delete_content','Can delete content'),(25,9,'add_event','Can add event'),(26,9,'change_event','Can change event'),(27,9,'delete_event','Can delete event'),(28,10,'add_userevents','Can add user events'),(29,10,'change_userevents','Can change user events'),(30,10,'delete_userevents','Can delete user events'),(31,11,'add_eventratings','Can add event ratings'),(32,11,'change_eventratings','Can change event ratings'),(33,11,'delete_eventratings','Can delete event ratings'),(34,12,'add_notification','Can add notification'),(35,12,'change_notification','Can change notification'),(36,12,'delete_notification','Can delete notification');
/*!40000 ALTER TABLE `auth_permission` ENABLE KEYS */;
UNLOCK TABLES;

--
-- Table structure for table `auth_user`
--

DROP TABLE IF EXISTS `auth_user`;
/*!40101 SET @saved_cs_client     = @@character_set_client */;
/*!40101 SET character_set_client = utf8 */;
CREATE TABLE `auth_user` (
  `id` int(11) NOT NULL AUTO_INCREMENT,
  `password` varchar(128) NOT NULL,
  `is_superuser` tinyint(1) NOT NULL,
  `username` varchar(30) NOT NULL,
  `first_name` varchar(30) NOT NULL,
  `last_name` varchar(30) NOT NULL,
  `email` varchar(254) NOT NULL,
  `is_staff` tinyint(1) NOT NULL,
  `is_active` tinyint(1) NOT NULL,
  `date_joined` datetime NOT NULL,
  `last_login` datetime DEFAULT NULL,
  PRIMARY KEY (`id`),
  UNIQUE KEY `username` (`username`)
) ENGINE=InnoDB AUTO_INCREMENT=264 DEFAULT CHARSET=latin1;
/*!40101 SET character_set_client = @saved_cs_client */;

--
-- Dumping data for table `auth_user`
--

LOCK TABLES `auth_user` WRITE;
/*!40000 ALTER TABLE `auth_user` DISABLE KEYS */;
INSERT INTO `auth_user` VALUES (1,'pbkdf2_sha256$20000$W7KcqbS6SJC5$C8+epoCRKtpG4T1Pvpf/PI5IJsY6J0y5nGepPjmZ1ek=',0,'makalaaneesh@yahoo.com','Aneesh','','',0,1,'2015-11-12 20:16:20','2015-11-13 21:01:54'),(2,'pbkdf2_sha256$20000$c1evhD2FeRo9$HT65JpcC4O8l2rANoAReUUA3f3eDmPJ27Eijm7cGxTs=',1,'root','','','root@root.com',1,1,'2015-11-12 21:03:38','2015-12-10 18:33:08'),(3,'pbkdf2_sha256$20000$hEVYi8Z4QThO$keCJDljhEoz8NWW01xeAzpSPIlx09LSUS/rZAWc2i9g=',0,'bla@bla.com','Saiteja','','',0,1,'2015-11-13 18:12:47',NULL),(4,'pbkdf2_sha256$20000$qoKXX4WtVYv0$1AIrZeEGBfZ4g5biWOdw0NEQn0BnkAOha5bu25X80D0=',0,'vivekhtc25@gmail.com','Vivek unni','','',0,1,'2015-11-13 22:12:20',NULL),(9,'pbkdf2_sha256$20000$bo49J8CSSxrr$AT/tI0TcxNUO6rbcVSG2dcpASrKYJHCdnmLR1Vo9seE=',0,'rishabh.karajgi@gmail.com','Rishabh Karajgi','','',0,1,'2015-11-16 22:46:55',NULL),(13,'pbkdf2_sha256$20000$91JUlOPNNbNB$v+A5wAae/KD8pECXG5/XQqlcBC6eOVKlW5U+2US4K6o=',0,'saitej3@gmail.com','Sai Teja','','',0,1,'2015-11-16 23:50:10',NULL),(14,'pbkdf2_sha256$20000$uIGqImq6E0nu$WcqxM9wfbIePPhGuurTA4b7Wk8YWMtdvIzPQXiWBR88=',0,'shikharmahajan26@gmail.com','Shikhar Mahajan','','',0,1,'2015-11-17 23:28:55',NULL),(15,'pbkdf2_sha256$20000$S9PD0ZW7aWR0$y3dYHnk5I6zdOhPOAESL3WKB4DK1NZxLD0KyiaZPK8w=',0,'kpiyush@student.nitw.ac.in','Piyush Kashyap','','',0,1,'2015-11-17 23:31:31',NULL),(16,'pbkdf2_sha256$20000$JqxiYEUlWcvJ$UCsFKpLkfpy2JgwgfylcE7clwmroXycek117GHJLlw0=',0,'siddharthanupa@gmail.com','Siddhartha Nupa','','',0,1,'2015-11-17 23:32:05',NULL),(17,'pbkdf2_sha256$20000$MlUdt1YSTJda$AA09mELWeZ1NRRd9GPv08Kcxn1OK5+p/vgjsna76CaQ=',0,'aptepramod@gmail.com','Pramod Apte','','',0,1,'2015-11-17 23:32:53',NULL),(18,'pbkdf2_sha256$20000$In8ViG2knX57$Irp4i04I+lSohukvbOjawVogbQl5MKN2dtEQDrMn2Z0=',0,'jishin.c@gmail.com','Jishin C','','',0,1,'2015-11-17 23:33:47',NULL),(19,'pbkdf2_sha256$20000$5ACtlxtiKytR$+kdr6VPsIxUZj4UYhxx+oB/dtwbbOakr7o/QDEoa+6U=',0,'sree135.badboy@gmail.com','Sasi Pavan','','',0,1,'2015-11-17 23:38:51',NULL),(20,'pbkdf2_sha256$20000$dnrl4ewHWKPm$WDHR4/MrSuENJxuBbMMvQA7pFDDpMi2neXeUmEhH5z8=',0,'prashanthreddy.iit@gmail.com','Prashanth Reddy','','',0,1,'2015-11-17 23:40:14',NULL),(21,'pbkdf2_sha256$20000$AGTHmbsDvIzj$7Mo2I7fO7Ev6C6+Y4uvFosBnHfy+flT7O+4lLJi0fgs=',0,'wafa.adeel295@gmail.com','Wafa Adeel','','',0,1,'2015-11-17 23:42:21',NULL),(22,'pbkdf2_sha256$20000$Y5LUz8D7IMXm$Ze14Dy3EKKC671zHCDH4bl+/bOuUL7qBdBoZ4FyK3XM=',0,'skrishna2@student.nitw.ac.in','Sri Krishna Shanmukh','','',0,1,'2015-11-17 23:42:43',NULL),(23,'pbkdf2_sha256$20000$u1V4n1e0HSIQ$SzZXWoObj2tt4tYVIp9hM+d/IP39boNDVx4QIdSRj5g=',0,'norak1997@gmail.com','Nipun Agrawal','','',0,1,'2015-11-17 23:46:43',NULL),(24,'pbkdf2_sha256$20000$OPNOZecPJ1tT$wSAX1Wmv5pZSTwDRtuxtBJjh88LqyNpPtM2rYRO3Vfo=',0,'sbogoju@student.nitw.ac.in','Siddhartha Bogoju','','',0,1,'2015-11-17 23:47:31',NULL),(25,'pbkdf2_sha256$20000$CsQ3dCW5hena$xSfZa6YnTGY9bZHDpmdjMEzprS17+WqZy/cnBmeh0O0=',0,'pallav.jain999@gmail.com','Pallav Jain','','',0,1,'2015-11-17 23:48:07',NULL),(26,'pbkdf2_sha256$20000$iHJa52sVqpAI$FSa/DkB1XfcdofLDU5FDWGxln0YQ7tyIwReQzaDhlKk=',0,'gaurilekshmi09@gmail.com','Gauri Lekshmi','','',0,1,'2015-11-17 23:48:09',NULL),(27,'pbkdf2_sha256$20000$QVpk0spnnxaD$vk4h9PaAQdWpNMKFvfsYi6oXs+Iqf/SU6pbbLn+BbM8=',0,'vermashubham96@gmail.com','vermashubham96@gmail.com','','',0,1,'2015-11-17 23:53:02',NULL),(28,'pbkdf2_sha256$20000$23CCW8JmhLxo$NftKEL2regwAe1KZJo8mFnYfi3pEKLvwOTwOXeCGAW0=',0,'chandralekha977@gmail.com','chandralekha veerapaneni','','',0,1,'2015-11-17 23:55:09',NULL),(29,'pbkdf2_sha256$20000$nV0y2534SfuV$arcOQm5jAqlwBjo+5aiZ1JS/AhHqE/WLgdNElQLmQDU=',0,'ameygoel@gmail.com','Amey Goel','','',0,1,'2015-11-17 23:57:38',NULL),(30,'pbkdf2_sha256$20000$cpRCHACeRsj3$JHsXJYLC5I+prIGMyH+PvSxm6jnHjkhiS9G4lQzvnYI=',0,'ssreerag@student.nitw.ac.in','Sreerag Sreenath','','',0,1,'2015-11-18 00:03:19',NULL),(31,'pbkdf2_sha256$20000$C3pM79VQihze$M4fv2DplJY1eRBp8LRMqi5UxoKRchetvL6g+QDg89D8=',0,'adarshvermanitw@gmail.com','Adarsh Verma','','',0,1,'2015-11-18 00:03:35',NULL),(32,'pbkdf2_sha256$20000$4l6KppaPIqT6$opLzk/4eT4HuGwgwIurB2zgOiPIHD0HU3f/giQsAbNI=',0,'kiransweetheart26@gmail.com','swathi kiran kumar Kiran','','',0,1,'2015-11-18 00:07:50',NULL),(33,'pbkdf2_sha256$20000$DgbyGnH7NUVE$ozJF5CNii1r25xk6O3DbEcOdhqq4o1kQYd2JgsOehDI=',0,'anand.jsr65@gmail.com','Anand Kumar','','',0,1,'2015-11-18 00:10:09',NULL),(34,'pbkdf2_sha256$20000$6TjwrZ9VDsJb$fV5+a1Bh8vzRtLzxYkM/JafHnp9yV8KAh41YMaJarTU=',0,'vikrantpuppala@gmail.com','Vikrant Puppala','','',0,1,'2015-11-18 06:46:18',NULL),(35,'pbkdf2_sha256$20000$UCSDvQi8GMkZ$hpD2LfCCBO+jI+C+CqeIm6EB06OBXBT1rbCjdib2NKk=',0,'pranavirasineni@gmail.com','Pranavi Rasineni','','',0,1,'2015-11-18 07:07:16',NULL),(36,'pbkdf2_sha256$20000$WEE7l1NkVGVY$dhHJ93GmS5DAhP9r3eb+lHXKqsAhLtRgKa0LiEW0eI8=',0,'naik.razat@gmail.com','razat naik','','',0,1,'2015-11-18 07:29:57',NULL),(37,'pbkdf2_sha256$20000$e7FDMFSVjlxr$R9OP16nfl1TlVZGob3CtrQRjSqs5wiZDkVAENsjBcPI=',0,'samarth.sudharshan@gmail.com','Samarth Sudarshan','','',0,1,'2015-11-18 08:31:52',NULL),(38,'pbkdf2_sha256$20000$gGTqVR2jEers$ohETajG7pe8gusYSCtdePByftpQ92ggkZIekoMAn8sc=',0,'kiranboidhapu007@gmail.com','Kiran Boidhapu','','',0,1,'2015-11-18 08:41:41',NULL),(39,'pbkdf2_sha256$20000$zIU2Agem6cxE$F5jSNeQVx734HXTCDC0l1yT0r5sSD1JQz69zCGuljos=',0,'guduru.kranthikiran@gmail.com','Kranthi Kiran Guduru','','',0,1,'2015-11-18 09:53:33',NULL),(40,'pbkdf2_sha256$20000$eR4p6x1nU2Bh$h0f1Toi4zAUCC4yaACiWgHbS3s1bjBnyPftnFuligSw=',0,'ginugeo@gmail.com','Ginu George','','',0,1,'2015-11-18 10:15:29',NULL),(41,'pbkdf2_sha256$20000$FS6hDRwPh0Wh$oUW7m+F8pxS90CvhLGMevYnqacCAVdam3UTJ4eVlbW4=',0,'anichavan20@gmail.com','Aniket Chavan','','',0,1,'2015-11-18 10:43:54',NULL),(42,'pbkdf2_sha256$20000$Rj5i6g6DUmPX$QvDNlrQypS8g3p+VEzPj2eALRh//5VXHSiVfXvg8sKQ=',0,'sonigarvit4@gmail.com','Garvit soni','','',0,1,'2015-11-18 11:05:26',NULL),(43,'pbkdf2_sha256$20000$PeyNPkOP2ShD$dOq79zJGbpoWmPw6Hcs1FSH4QXa28jQT0x1CoFp6vCg=',0,'pathaka466@gmail.com','ashish pathak','','',0,1,'2015-11-18 11:26:45',NULL),(44,'pbkdf2_sha256$20000$nzwT1EBsSS5A$XnggfCFiRNNiOt4BTm2HJ0AbnMnB+PkyLmmGmKk4OGM=',0,'hihemanth08@gmail.com','Hemanth Indlamuri ?????? ?????','','',0,1,'2015-11-18 12:04:52',NULL),(45,'pbkdf2_sha256$20000$2ExMLeqNu7wW$FYwNTcpssPJhScwfM7Ebk7enPx0IicX8FWUBNvOOK8c=',0,'quizclub','','','',1,1,'2015-11-18 12:06:53','2015-11-21 20:57:23'),(46,'pbkdf2_sha256$20000$Od5fXZCznSfI$Wjd9nieVkT7Bj+2+rgEFCRrI1EgXis/2A+8Abl6zseM=',0,'illipillihemanth@gmail.com','Hemanth illipilli','','',0,1,'2015-11-18 12:50:12',NULL),(47,'pbkdf2_sha256$20000$DeKyL6zWREba$UnSDsRSv6NSpQQoXqBn+9c9vaXIpMZ5Nxo6GOmBDl70=',0,'akhildkn10896@gmail.com','Akhil Nambiar','','',0,1,'2015-11-18 13:15:06',NULL),(48,'pbkdf2_sha256$20000$VHDQw1EJ1zNa$xPYolFelWH8Lrh35u2Omo23o5YM3b45E0bnC46DdIds=',0,'aadityanshinde@gmail.com','Aditya Shinde','','',0,1,'2015-11-18 13:31:48',NULL),(49,'pbkdf2_sha256$20000$CAgr9SxPzSs5$R2pHDfDgtb+OlIqHPi41zuMyok9LDWgpny3fbEIuG1I=',0,'absrsateeshaddanki@gmail.com','absr sateesh','','',0,1,'2015-11-18 13:33:27',NULL),(50,'pbkdf2_sha256$20000$SsBKUwTlPeba$w+lW5R3nHRQl9EKEro7b9nKpNJQU3M5Xo3fhVz8mZmI=',0,'pjithu@student.nitw.ac.in','Jithu Panicker','','',0,1,'2015-11-18 13:36:27',NULL),(51,'pbkdf2_sha256$20000$BjnsPBmA9r4i$BMJD9ByEnzjSSAimFaAf+Lr1RhNySHs2pa3WDHTtxgs=',0,'aamanbhargava@gmail.com','Aaman Bhargava','','',0,1,'2015-11-18 13:46:46',NULL),(52,'pbkdf2_sha256$20000$Nh2X5esNBsCe$uOn0tSXUpFHJaGKiJcY+3mu+i1wFjbhpJ3JUMXEDKCU=',0,'ch.alekhya03@gmail.com','Alekhya ch','','',0,1,'2015-11-18 14:19:06',NULL),(53,'pbkdf2_sha256$20000$mkFia7Sxnpon$4L3GSB//lkl7AOuwyZ3hjxN3UKEX/ROXUMyfNqSegfQ=',0,'ajaynenavath94@gmail.com','Ajay Nenavath','','',0,1,'2015-11-18 14:59:56',NULL),(54,'pbkdf2_sha256$20000$2WAww6KpWPln$A3/htcUgGeSI+0k5IFWrk0ssuIvOshXdJMNZ9WhaO9I=',0,'gireesh4n@gmail.com','Giridhar Nagireddy','','',0,1,'2015-11-18 15:19:01',NULL),(55,'pbkdf2_sha256$20000$h5UvKQcVryyJ$ZadzohdrDCQ/bMGkdnOm9LpQXLrJiLQUsGz5FtqlL/M=',0,'shjakku@gmail.com','Sri Harsha Jakku','','',0,1,'2015-11-18 15:41:44',NULL),(56,'pbkdf2_sha256$20000$6ihks0PKumlR$Hoe/1nAHrrlBEqPa+yM3/IXIgY522WoPEmvwsEDYrS4=',0,'alampana589@gmail.com','Aman Alam','','',0,1,'2015-11-18 15:53:33',NULL),(57,'pbkdf2_sha256$20000$eHMiJa6KAiVj$ZfutcwIE51ZxuPjFsE8BSO5M907yUxtM6id9f3/NYIM=',0,'lakshmimamidi919@gmail.com','Lakshmi Mamidi','','',0,1,'2015-11-18 16:32:41',NULL),(58,'pbkdf2_sha256$20000$jToMwnB9m3D0$YYeYeyYcUsvmMGC6gTKqZp83/wYmxAqSA0bn9nEdJmo=',0,'rashood.khan@gmail.com','Rashid Khan','','',0,1,'2015-11-18 17:31:44',NULL),(59,'pbkdf2_sha256$20000$NbKUswNOcuKK$QJOvY4kk9AUTUOyiJ47in40IZsNqC+BIJjQZ/mbtSgY=',0,'tarungaur3796@gmail.com','Tarun Gaur','','',0,1,'2015-11-18 18:57:12',NULL),(60,'pbkdf2_sha256$20000$Oz9vfTJjOYtt$xjyjAnf7386EcU/xgqjB9UL5s3UbvHgyntAQ/dknYH0=',0,'priyanimmisrs@gmail.com','nimmi priya','','',0,1,'2015-11-18 19:02:03',NULL),(61,'pbkdf2_sha256$20000$L7lm6HYgx06x$0Yk88omOq+pncJRQEshOvYIxjd7Zo7FSbdF55GVswlA=',0,'msindhu1397@gmail.com','Sindhu M','','',0,1,'2015-11-18 20:18:42',NULL),(62,'pbkdf2_sha256$20000$HMsxE9bqJZTA$FIVjJ5mdLZwvHpDBmh+hUcE6eG5iB4GHwJXTN1u+jnQ=',0,'ajitvarmadandu@gmail.com','ajitvarmadandu@gmail.com','','',0,1,'2015-11-18 20:33:10',NULL),(63,'pbkdf2_sha256$20000$fAZPPboLs7af$Y+8Rp30tXkrRPXCUlbGehKNIhRlyzYgn5JKuKIQ1r5U=',0,'suryasashank11121995@gmail.com','surya sashank','','',0,1,'2015-11-18 20:45:07',NULL),(64,'pbkdf2_sha256$20000$3nxiKaZvbWY2$/O4bTV/kcIn+MydvTDL2p00n+Nuxgsqkd/4hQKWFHdg=',0,'sushruthk11@gmail.com','sushruth k','','',0,1,'2015-11-18 20:51:24',NULL),(65,'pbkdf2_sha256$20000$MnXK323zz1tr$L/YyOJGNDWduhEGTufnObOpY0JXHfYecAQN8qCtKxCE=',0,'shamanthsathu7@gmail.com','Shamanth Sathu','','',0,1,'2015-11-18 20:53:20',NULL),(66,'pbkdf2_sha256$20000$nIhc3ZiyYIf3$a/1CUcg1+05jArZYmVPM00RKW+YLH1yLeJ/5ArhUCPg=',0,'kks99055@gmail.com','Kundan Singh','','',0,1,'2015-11-18 21:03:57',NULL),(67,'pbkdf2_sha256$20000$VHNDCgY8Zxbx$NG0zBI+A025lLgoMzCCfC96raEavubWnreP5dE4MbrU=',0,'sahni1010@gmail.com','G Sahithi','','',0,1,'2015-11-18 21:24:46',NULL),(68,'pbkdf2_sha256$20000$I7LP8kVPx4wH$DK48Zr8kdKUrM9DlVDfexsaKzdEfCAKkniWbrGRxpAo=',0,'bansal.shruti94@gmail.com','Shruti Bansal','','',0,1,'2015-11-18 21:31:48',NULL),(69,'pbkdf2_sha256$20000$lr3xWhod9SBJ$8FH5I+D2o1ImsuRNlat4vEc6GGCllOH9wVvWcU/nyyw=',0,'vvaditya1994@gmail.com','Aditya V','','',0,1,'2015-11-18 21:42:22',NULL),(70,'pbkdf2_sha256$20000$c4iTeJ0FVCMS$a4MSa6GUhLEvuIc9U5m/jwnqqf5tVfr4y5HtyRsYdYo=',0,'ashwinsathyan19@gmail.com','Ashwin Sathyan','','',0,1,'2015-11-18 21:52:06',NULL),(71,'pbkdf2_sha256$20000$uYaOlQYNfiK7$FCNMMzdFLgk528apAYJT03hm5+YqfXed1f9hXZsuW7c=',0,'chandrakanth2624@gmail.com','Chandra Kanth','','',0,1,'2015-11-18 22:07:09',NULL),(72,'pbkdf2_sha256$20000$csgEEYEbxD0m$cGvwbBtia+9MkZRHvgQs0fWBDBNbr/aBegeUrnrGowA=',0,'rahul.s.kurup@gmail.com','Rahul Kurup','','',0,1,'2015-11-18 22:07:53',NULL),(73,'pbkdf2_sha256$20000$Ip7Bg6dvYrGP$XNz235HGGBigyTiloN4u+hxGsjClPm3Bj+8tJk48tDM=',0,'jitinmannar94@gmail.com','Jitin Mannar','','',0,1,'2015-11-18 22:21:59',NULL),(74,'pbkdf2_sha256$20000$QizbmimD8U61$sUib8mFY2uVZtNw2ArHOQ9hPihyNuhXeMHLwINNfcmw=',0,'kalyani.tuppi@gmail.com','sree kalyani bhogaraju','','',0,1,'2015-11-18 22:22:55',NULL),(75,'pbkdf2_sha256$20000$q9KK80Pf9vPe$kGf5/Xpm8//xXX7wQB5LOSL5D5toRBP+N9bBH2s/e1c=',0,'ashwing990@gmail.com','Ashwin Gupta','','',0,1,'2015-11-20 09:36:01',NULL),(76,'pbkdf2_sha256$20000$dlGiUoxYJhJC$n2VhCtIPMPXk5xPgXgn8OP8q5T2EMNCQrqMIlZKRbDU=',0,'anirudhvijayiit@gmail.com','Anirudh Vijay','','',0,1,'2015-11-20 10:55:32',NULL),(77,'pbkdf2_sha256$20000$4oszcE2WPVBb$LaND0sYY3b2F8HpUeejy9VnvtlLEaKFyUCHuTWVjuRA=',0,'balajikaravati@gmail.com','Balaji Karavati','','',0,1,'2015-11-20 13:17:28',NULL),(78,'pbkdf2_sha256$20000$MuKk8STOy4C1$yjwjcnQ+3g7N218wtKDHCcbZubMnMOlXK25s2pJhMOk=',0,'pujitha14697@gmail.com','pujitha14697','','',0,1,'2015-11-20 19:20:50',NULL),(79,'pbkdf2_sha256$20000$itPPQDvF19r4$dOFI7VEmlOkfAG38IAiCqQtD2fGkwCQy/TuwglwAxSk=',0,'adi.patidar8@gmail.com','Aditya Patidar','','',0,1,'2015-11-20 20:30:37',NULL),(80,'pbkdf2_sha256$20000$maKQDrMunt1y$dsKz3dO9MwBgNQdUMccUG38AkmLNZSds+3IMDElWfSg=',0,'sandeeprevoju@gmail.com','revoju sandeep','','',0,1,'2015-11-20 20:32:39',NULL),(81,'pbkdf2_sha256$20000$9KnTVaXiXXEr$9q0xnBd/YnHvlHoWhgB1FcQPN9nCpAOZmek718FFEss=',0,'srushtibhoyar@gmail.com','srushtibhoyar','','',0,1,'2015-11-20 20:36:49',NULL),(82,'pbkdf2_sha256$20000$LdS3BSuXmrzb$ZPcJCO1w0SBd1maR3kXaLl+rtXLc+IBlGQBqreEmiwk=',0,'bhendevineethkumar@gmail.com','vineeth kumar','','',0,1,'2015-11-20 21:17:11',NULL),(83,'pbkdf2_sha256$20000$a4uR1h9JAgWo$tRAPvLI9+t5OZQVooTZ3HbM6tp0DpBn4apBAz8PTFk8=',0,'raviteja.sriram@gmail.com','raviteja.sriram','','',0,1,'2015-11-20 21:17:26',NULL),(84,'pbkdf2_sha256$20000$RGSCnd7bnHYV$vGPSUDMGLoiB2EyTisZjat0FG3ap1fEExUy6FY/4D0E=',0,'ramyasusanth@gmail.com','Ramya Sree Boppana','','',0,1,'2015-11-20 22:16:05',NULL),(85,'pbkdf2_sha256$20000$ObCNKlujuTxH$C9SyJUIjwLNb/LLTQgmptGUg15nhKIpUOtXgXhMOVMo=',0,'muditatiit@gmail.com','Mudit Jain','','',0,1,'2015-11-20 22:57:37',NULL),(86,'pbkdf2_sha256$20000$EuVMYgshdali$8omtBBwdVGeudUBJmb4HvWGGgeHSzBJSb628hyixe8s=',0,'teegullaaishwarya@gmail.com','aishwarya teegulla','','',0,1,'2015-11-20 23:20:43',NULL),(87,'pbkdf2_sha256$20000$ZqDr09ZrF6YI$v8EBxTufaQX+QX1xYpVRyxhsaeIiR0XIE3U9lLdnB98=',0,'bkcdoha@gmail.com','Krishna Chaitanya','','',0,1,'2015-11-20 23:29:01',NULL),(88,'pbkdf2_sha256$20000$nPEDzA7MmXPJ$nCzsA2y8PIkRfdHDHCJIiroCD7Auoo9DvCTFOQjL4Do=',0,'ayushi1204@gmail.com','Ayushi Kumari','','',0,1,'2015-11-20 23:57:17',NULL),(89,'pbkdf2_sha256$20000$W8nSOsJqnIGP$vSrBWdiIz/Czcz9cjOdwb9tqR+xDUhKKstWAtonw/T8=',0,'tejas.niphadkar@gmail.com','tejas.niphadkar','','',0,1,'2015-11-21 00:08:21',NULL),(90,'pbkdf2_sha256$20000$soQl0INUjkZu$IPzcJInPfjOR6HItNz5xjwNpsKX/3mEMrzU5iQPWHhg=',0,'tanisha.tembhre@gmail.com','Tanisha Tembhre','','',0,1,'2015-11-21 00:16:36',NULL),(91,'pbkdf2_sha256$20000$pujYXLR7H1HV$k2dm36kXz6jCLma3WwiBcwAhzw2ErQJiAmbbYdFS0bw=',0,'ssudipta@student.nitw.ac.in','ssudipta@student.nitw.ac.in','','',0,1,'2015-11-21 00:26:12',NULL),(92,'pbkdf2_sha256$20000$oLwQuGmrUuwK$bL2rDfjtvo3qmTcdgdyX8J9eN/hCMa3SCkVJKXysDf8=',0,'vchandran18@gmail.com','vinayak vchandran','','',0,1,'2015-11-21 00:26:29',NULL),(93,'pbkdf2_sha256$20000$oQMwU1FZVwb2$fxn6SpJht7XrkZoupafWO5xS9Bto+CIpGgepM1KiVtQ=',0,'vai221094@gmail.com','Vaibhav Agrawal','','',0,1,'2015-11-21 00:35:08',NULL),(94,'pbkdf2_sha256$20000$Hlt0bCWWkcRK$UxVmOs01cumr8/QjfqAodQ/nNLL479Sscum7wT+7gXE=',0,'sreetamdas@gmail.com','sreetamdas','','',0,1,'2015-11-21 02:39:35',NULL),(95,'pbkdf2_sha256$20000$Q1rdWgoeZAVX$htZEM55iIghuph1Iz2dyvRXldegU9fUtRHi2cyvEgsE=',0,'ash.freeze@gmail.com','ash.freeze','','',0,1,'2015-11-21 04:07:01',NULL),(96,'pbkdf2_sha256$20000$T8aIq6sMRAhw$Ec138pDz2+ilsw2KnCiAdWV+6vbk2J2ZEyIx29aJsMM=',0,'saurabhdwngn@gmail.com','saurabhdwngn','','',0,1,'2015-11-21 09:38:59',NULL),(97,'pbkdf2_sha256$20000$j67oSHrJsZaW$9H/z4uwCMKNsnwLNVo5vX+ivAQ3sQojhrQSCjz5Lv2o=',0,'gmanjulavil@gmail.com','gmanjulavil','','',0,1,'2015-11-21 09:46:34',NULL),(98,'pbkdf2_sha256$20000$IkwUEuOZHlnE$HcGy2IGCQX7d4rUyrNrDAbJWH1CK6l7chEBblW0ygyk=',0,'bharshaboppana@gmail.com','bharshaboppana','','',0,1,'2015-11-21 10:20:08',NULL),(99,'pbkdf2_sha256$20000$RWSNx7WOaG0E$EpSOUJqMAYsOoq4EA4g7cdMGhbhUO59Hx30ZE72RNtk=',0,'sushil.paneru1@gmail.com','sushil.paneru1','','',0,1,'2015-11-21 10:21:52',NULL),(100,'pbkdf2_sha256$20000$ro63URzwOX1O$NEti5tszPY37IlbzxyU/CRmiQMPuDc3oolYrnbMdgxE=',0,'bandapallisunny155@gmail.com','bandapallisunny155','','',0,1,'2015-11-21 11:58:49',NULL),(101,'pbkdf2_sha256$20000$7nsyKR0Y6hiA$mgOBxRjoWXtoUe7f5DjU5ubPbk5T9BTLiBLS2WdRlGc=',0,'mshivanagi@student.nitw.ac.in','mshivanagi','','',0,1,'2015-11-21 12:21:26',NULL),(102,'pbkdf2_sha256$20000$3QyXrHq0wLQC$g+Oh+xAdBsDOyc9oP00jCKRuTb5RkLJIM8513RvBY84=',0,'saiday93@gmail.com','Sai Dayitva Gaur','','',0,1,'2015-11-21 12:32:02',NULL),(103,'pbkdf2_sha256$20000$iB5ZfP7xgRlD$KTf6mHBH82WORPjpT1LebpOhYIdi18g9ahqMhLFXU+E=',0,'yarramshettyraghuram@gmail.com','raghuram yarramshetty','','',0,1,'2015-11-21 13:03:34',NULL),(104,'pbkdf2_sha256$20000$RmlpFTjtVHbZ$xrnO4jfr0gUVgJG3wRopvWePsDO66HNaGg8IH//Fi8Y=',0,'shreyaslnair@gmail.com','Shreyas Nair','','',0,1,'2015-11-21 13:45:10',NULL),(105,'pbkdf2_sha256$20000$xcYyzJ98e0KR$V8Mm0v65X/Up3b1OR5xIWoR6qJvZhQeYb/p93BsjjPM=',0,'jigarnayak10@gmail.com','jigarnayak10','','',0,1,'2015-11-21 14:13:37',NULL),(106,'pbkdf2_sha256$20000$HJ17U3Z4uem1$cSP3BnIJNQz8y2X6u98nPo4hasCUggNW/XQyeLADXVc=',0,'vinayakunnikrishnan76@gmail.co','Vinayak Unnikrishnan','','',0,1,'2015-11-21 14:24:55',NULL),(107,'pbkdf2_sha256$20000$knN2mG6FYOjE$krHMkI/qh3f2QOrQFYZr0X9cjTVnDvI1gxWAae4aslg=',0,'9fayaz5@gmail.com','9fayaz5','','',0,1,'2015-11-21 14:36:10',NULL),(108,'pbkdf2_sha256$20000$SwmtfJg5UbWg$ouO4AQtHABFxOFai1UtlCVd/aQdR6wE8zBURoekOqyk=',0,'frz8569@gmail.com','frz8569','','',0,1,'2015-11-21 14:49:52',NULL),(109,'pbkdf2_sha256$20000$uhq0OKm2q9mQ$8ZqqGrnii+1QxnvfCEfBxroO27GbbMUnwfFqIXxbNdw=',0,'naveenkumaryanda@gmail.com','naveen kumar','','',0,1,'2015-11-21 15:20:55',NULL),(110,'pbkdf2_sha256$20000$8huPzwTtuvcz$Oa9gn1+MpQPYem5d6Yyd2i7BpwYZGhJCinfPM2b4jts=',0,'preethir160@gmail.com','preethi reddy','','',0,1,'2015-11-21 15:29:57',NULL),(111,'pbkdf2_sha256$20000$yDp4pAOrBbHY$MFnlQW3YQLLbMWo7x9o0Ms8ZPR39uoic+YIix5MgAYA=',0,'kameswara.vishnu@gmail.com','Kameswara Vishnu Motamarry','','',0,1,'2015-11-21 15:41:52',NULL),(112,'pbkdf2_sha256$20000$l9HhgYcqNArn$AQ3zCXCjALWxGuVEiBb/rcALB3IwNsCOJiYQ6HqkYC8=',0,'gontla.surendra@gmail.com','gontla.surendra','','',0,1,'2015-11-21 15:51:12',NULL),(113,'pbkdf2_sha256$20000$5eSjJPm5G9ZC$2mCAvAxBzl6TBZNvrY8RftRGtVjXpbUalhKgfYwt4eg=',0,'athulmmadhu@gmail.com','athul.m madhu','','',0,1,'2015-11-21 17:35:46',NULL),(114,'pbkdf2_sha256$20000$QhBRBKPNbcgV$oiPZZfrRWW+MBDc9C1g835u39HITRkHU4U6yqY/7uoo=',0,'motilalnayak.nitw@gmail.com','motilalnayak.nitw','','',0,1,'2015-11-21 18:38:51',NULL),(115,'pbkdf2_sha256$20000$uC6rX5mTKXsy$LG0nLu1L3nJ/850oIjLOBtHKBcy9H1hwgBJCHQWhDk0=',0,'anmoluday@gmail.com','anmoluday','','',0,1,'2015-11-21 18:52:11',NULL),(116,'pbkdf2_sha256$20000$iBemHafYnSEA$v6mWL0C9Ek6wP9BN7sXSisPFE4R0+LfDAdQXebttURQ=',0,'chathu.donz@gmail.com','chathu.donz','','',0,1,'2015-11-21 18:53:37',NULL),(117,'pbkdf2_sha256$20000$AXYkSckWL6Ud$h9FuHK9P894vYvv83oLcpRFzCT2k9fKJnAIrgtyf06U=',0,'macsheth@gmail.com','Milind Sheth','','',0,1,'2015-11-21 19:09:01',NULL),(118,'pbkdf2_sha256$20000$TJkJGhthavRy$vJF06Y/szmcqDeygWQcWYNk2iZVIO67lBNUOjdOWIgk=',0,'sathvik.vemunuri@gmail.com','Sathvik Vemunuri','','',0,1,'2015-11-21 22:33:13',NULL),(119,'pbkdf2_sha256$20000$o6nW0IqjvFgn$vM7r8GYp7Kyv5O736iq9X/vxDiQdAUt1rfXxQWbfM5Q=',0,'awachat11vaibhav@gmail.com','Vaibhav Awachat','','',0,1,'2015-11-21 22:51:33',NULL),(120,'pbkdf2_sha256$20000$980oKRcot1ZM$I1m18NVIQFzeDi9WSfLVuge4YqBQpl8Yz3GVDSNAW/Y=',0,'kushalroshan099@gmail.com','Kushal Roshan','','',0,1,'2015-11-22 01:10:47',NULL),(121,'pbkdf2_sha256$20000$PiMGsex0yrRm$rdbaOjut7XkHP0Jkn2f8B8bVdx4NNT81uL37wFvbHMI=',0,'rajatsoni96@gmail.com','Rajat Soni','','',0,1,'2015-11-22 02:53:05',NULL),(122,'pbkdf2_sha256$20000$pDlvt7oKnQgA$x/JebrFsuApzMLCFNA/qdrXo25axvsCDuIo06za55NA=',0,'anandr31@gmail.com','anandr31','','',0,1,'2015-11-22 03:05:34',NULL),(123,'pbkdf2_sha256$20000$uVLPuk81hNUS$L8M5JIF2sQbsX8QZm5VhKK0GFZvR1zUuDQLnKO9OUKU=',0,'zaha496@gmail.com','Che Mat Zaha','','',0,1,'2015-11-22 07:00:10',NULL),(124,'pbkdf2_sha256$20000$TeGOhHcKYb29$TBXL/mRSIDJIRNMXGnjEt5xZDjUIENJOs/6OAIs20NQ=',0,'jaminy02@gmail.com','prabaharan jaminy','','',0,1,'2015-11-22 11:16:52',NULL),(125,'pbkdf2_sha256$20000$MinMGSV2mmN0$sqBBNjbwP3XldSlyfTZbDcy8myfOBQ4aKeEWYeboQjI=',0,'patshala','','','',1,1,'2015-11-22 11:32:09','2015-11-22 14:38:53'),(126,'pbkdf2_sha256$20000$99dCYODdVVzY$k6umcHpFGyh2EzCsUqy/KyEVyeM1+c4gMQzFXvK9EvE=',0,'sreerag','','','',0,1,'2015-11-22 11:43:42',NULL),(127,'pbkdf2_sha256$20000$YMhO5En2GTuU$mZITspkKe3DFDyyAvMnStMzRR6wY3wmLYeWh/Wx4Lzs=',0,'shivajichandragiri@gmail.com','Chandragiri Shivaji','','',0,1,'2015-11-22 13:08:05',NULL),(128,'pbkdf2_sha256$20000$Q9VzmBwAwSXY$DeuikC7IZ9DEjcx8KLummSuDi3R3AgpH/sksCzzXR/c=',0,'rishitachebrolu@gmail.com','Rishita Chebrolu','','',0,1,'2015-11-22 13:11:40',NULL),(129,'pbkdf2_sha256$20000$495zyCR3NLnL$o6NE+ePwmDQ3yr7f941yn1iX8u85vnHQgJUJZZy5Hiw=',0,'rutkarsh@student.nitw.ac.in','rutkarsh','','',0,1,'2015-11-22 14:19:38',NULL),(130,'pbkdf2_sha256$20000$nodJXaJKZRzJ$DhBzr2k7qbVjmoGx9CHKO3zC5ozQHkMRZU7u1JqVWDE=',0,'mankit2@student.nitw.ac.in','Ankit Matlani','','',0,1,'2015-11-22 14:33:23',NULL),(131,'pbkdf2_sha256$20000$Gyk75ZM8aCwm$r9X+8VE10f31jqFZr35KW0tQjf4DoSEuNmrrkG3q0Ug=',0,'mehta.nishant2010@gmail.com','Nishant Mehta','','',0,1,'2015-11-22 16:01:18',NULL),(132,'pbkdf2_sha256$20000$DOoVW9OOU9rS$avvK3dd/0t1+rKEKY5htygBtTmGDWgZXquVMmjzmbUg=',0,'chengalasandeep@gmail.com','chengalasandeep','','',0,1,'2015-11-22 17:41:33',NULL),(133,'pbkdf2_sha256$20000$WvX69hV9jmEN$KfgXaIerxv7quVpmsZEP/PzaOc00n621LPUtA4Qx4vM=',0,'shivacharan01234@gmail.com','shiva charan','','',0,1,'2015-11-22 17:49:43',NULL),(134,'pbkdf2_sha256$20000$eFzDTycd8YBg$R1tbVytebu3XUl4LS//m0BN7Wpi6sV2znXG5j8oO8bQ=',0,'thuyarlin231@gmail.com','thuyarlin231@gmail.com thuyarl','','',0,1,'2015-11-22 18:29:40',NULL),(135,'pbkdf2_sha256$20000$r9dtcsH9cYID$rJSYZ+pWAXzZa96apOh/IHExw/H4t/QknnCCSfmcPks=',0,'amanbanolia@gmail.com','Aman Banolia','','',0,1,'2015-11-22 22:11:18',NULL),(136,'pbkdf2_sha256$20000$gJXnMzNIfrrh$kKgjYlCJnBZjxLtcDJGhOICMGMA8TVO3SDDWTXyrnWg=',0,'kanishkbh@gmail.com','kanishkbh','','',0,1,'2015-11-22 23:11:21',NULL),(137,'pbkdf2_sha256$20000$3UvgK2hOovz4$rY9sT7CzIb5X6r3y/yk+cpNNQJrjZn/+hsEFaGN9vws=',0,'amalendhuajay1995@gmail.com','amalendhu ajay','','',0,1,'2015-11-22 23:24:21',NULL),(138,'pbkdf2_sha256$20000$Q3jR8TOmYZfO$3rHK3a5ToxDnzN9JXdoXlGAjcRjw3HkKaOFTjH0YXXM=',0,'chinmaydev10@gmail.com','Chinmay Dev','','',0,1,'2015-11-22 23:46:24',NULL),(139,'pbkdf2_sha256$20000$MC6anLWr5DCp$BzzpgdNUURNY7OeQqRe5u1nTwWwyP3ebfQ/bqdFCy2g=',0,'abhinavabhi164@gmail.com','Abhinav abhi','','',0,1,'2015-11-22 23:50:57',NULL),(140,'pbkdf2_sha256$20000$JDTJbzIlfLvj$VxlMTIQLmKG43MPMvSINOuP9O2f54ezCBQDXpfYcITE=',0,'neetishkumar1@gmail.com','Neetish Kumar','','',0,1,'2015-11-23 00:21:13',NULL),(141,'pbkdf2_sha256$20000$XNTAfoVCynht$oK8PxX+YaYQOtYuNqc5RV+dcQ6SU+hg6fUqZu70Stk4=',0,'pkintali@student.nitw.ac.in','Kintali Praneeth','','',0,1,'2015-11-23 00:35:21',NULL),(142,'pbkdf2_sha256$20000$ez5ahDvE4Lsg$8j6jGABTou8KHOuwbwvppC9qZcnMj8Y6Zh94DKGmMPY=',0,'diljitdutta96@gmail.com','diljit dutta','','',0,1,'2015-11-23 00:47:41',NULL),(143,'pbkdf2_sha256$20000$W6l97IUKonco$JzQuzrPwcug0BYS2219ornPCVa9jsL2xfe5VFxZMHyg=',0,'viswanathalikapalli17@gmail.co','Viswanath alikapalli','','',0,1,'2015-11-23 00:51:24',NULL),(148,'pbkdf2_sha256$20000$jNN3rtAGkGRh$/ZCsmTeFHXUogPhSq96vdkV5MpUsq2bTVfxJUZlgTAU=',0,'naveenkumarirpa657@gmail.com','Naveenkumar Irpa','','',0,1,'2015-11-23 01:14:03',NULL),(149,'pbkdf2_sha256$20000$rhbMErDVlzgY$NUiBCsSbn5dSCSy8tNDkbf/sTs6PVsiEMCGfhxkqMoU=',0,'apranay2008@gmail.com','Pranay Rao','','',0,1,'2015-11-23 10:04:00',NULL),(150,'pbkdf2_sha256$20000$yWiqMjKm5e80$zIPappJo8gnmjG72Ol/1EV2hAojB1y1AtjQeup/krcc=',0,'kunalmeena515@gmail.com','kunal meena','','',0,1,'2015-11-23 11:35:06',NULL),(151,'pbkdf2_sha256$20000$EaPtGAFiX4BB$C+9NWnDg1kuK1d6K2otBdWP/c8nD4yEDRfaKdm05/Nk=',0,'satyammtrivedi@gmail.com','Satyam Trivedi','','',0,1,'2015-11-23 12:40:49',NULL),(152,'pbkdf2_sha256$20000$KhnusIVSLc8Z$eBrltrqOqqxsCE7WpTFuessZStzOJrN7rQfcXAOTW7c=',0,'rohit.rohit.toppo@gmail.com','Rohit Toppo','','',0,1,'2015-11-23 13:30:01',NULL),(153,'pbkdf2_sha256$20000$v5mgkycQZmge$QrVgyy+pT/4uCpb3NPXMgh49kfZrJdL/sK45V0FcD74=',0,'abhishekmarkandeya@gmail.com','abhishekmarkandeya','','',0,1,'2015-11-23 14:12:16',NULL),(154,'pbkdf2_sha256$20000$X56DEKct3Onz$C+srx+vqSas4cdaZm/L+fQQMHO4YIkvLVDeXWZ9i+Qo=',0,'swapnil.bansal1@gmail.com','swapnil.bansal1','','',0,1,'2015-11-23 16:46:21',NULL),(155,'pbkdf2_sha256$20000$tqj2tunuWr5z$aNjrmdbSQVGgihTuh8t+svKir0sEu6ND5WTcnQW3wH0=',0,'dasuntn@gmail.com','dasuntn','','',0,1,'2015-11-23 17:16:37',NULL),(156,'pbkdf2_sha256$20000$Q0G1NDkUJLq5$TJi+jBjArGe2HTmyb+h4KJTfe2F2cT+LDWFoiqJVxuU=',0,'sankalp946@gmail.com','Sree Sankalp Yengaldas','','',0,1,'2015-11-23 18:31:42',NULL),(157,'pbkdf2_sha256$20000$Bc6OZ0SjYL2D$dCjFp9cDpXxp0ZYCjTL9A3ViK5/sBwn0BfCWXcBN1AI=',0,'reddydeexith@gmail.com','Deexith Reddy','','',0,1,'2015-11-23 18:41:01',NULL),(158,'pbkdf2_sha256$20000$3ISBkWbnqZ7q$wu6tUDHAxsk2JLsC0skICF2lc2pzJf6NrgktlB/pA58=',0,'aneeshasatya@gmail.com','Aneesha Satya','','',0,1,'2015-11-23 19:03:23',NULL),(159,'pbkdf2_sha256$20000$hsRKO4pj3C6F$lVubFqlKAr8LrYUkKCAWcva11V0XwO1mf7UaYIZ8LeU=',0,'ravi542.svuce@gmail.com','RAVI CHANDRA','','',0,1,'2015-11-23 19:09:12',NULL),(160,'pbkdf2_sha256$20000$pXXNtkonerR5$XDX+/n9+u6kAR8g13TwB+N7a8XTxRx/l37JP9koqXEU=',0,'ch.nikhil24@gmail.com','ch.nikhil24','','',0,1,'2015-11-23 20:15:56',NULL),(161,'pbkdf2_sha256$20000$R2bZhhDwmwc0$RHVPDx9JNk6IFhU3jCYi8v+3Uvvqi8wr+dms7kR3qBE=',0,'sravya.sravs.61@gmail.com','sravya.sravs.61','','',0,1,'2015-11-23 21:09:15',NULL),(162,'pbkdf2_sha256$20000$wckZhvDeBj2E$dgHctAqdI2m8AHenPpSzmBUUsUj6E0KyuzDprsgkFf0=',0,'rohitlegacy1607@gmail.com','Rohit Chowdhury','','',0,1,'2015-11-23 21:27:21',NULL),(163,'pbkdf2_sha256$20000$fM3oZi4JKwdb$MQ71CxbKOzkDhO1AcoANEP5SQ4Mg/Ve4YTruLupfYd4=',0,'saiakhil.kodali@gmail.com','saiakhil.kodali','','',0,1,'2015-11-24 01:47:14',NULL),(164,'pbkdf2_sha256$20000$Bk1ML9kmv69M$i36SPAq8hOR7wIODg38B7xu3alMVO4RZJajXZNqt4/Q=',0,'divyasrujana1989@gmail.com','divyasrujana tnvs','','',0,1,'2015-11-24 08:16:34',NULL),(165,'pbkdf2_sha256$20000$gMRHDNw1d7ba$XKT42T6Hd0B8i9qYO3YzWSfIyBV9W6rnKWu2ioyh7nA=',0,'rituparna269das@gmail.com','Rituparna Das','','',0,1,'2015-11-24 12:52:01',NULL),(166,'pbkdf2_sha256$20000$DSrT9mDhRPtv$OdkkJkqbVZDByyVFjdoPyqB4WPzlqrLYhmDlIOiA8zY=',0,'sathyanarayana17111995@gmail.c','SATHYA NARAYANA','','',0,1,'2015-11-24 14:09:49',NULL),(168,'pbkdf2_sha256$20000$30hvnHXXtOOP$LSsw2pj+M7Gsgup1vXnNPpV+DzJFz6JOf8bfpjBh++o=',0,'chandu.chouhan08@gmail.com','Chandrashekhar Chouhan','','',0,1,'2015-11-24 15:02:24',NULL),(172,'pbkdf2_sha256$20000$D82pmMOheLdE$Y2IJg8+5hWmg7k+Wpslte2FCWE/NZVcW6MqWRh44D5g=',0,'akashs2795@gmail.com','akashs2795','','',0,1,'2015-11-24 16:28:45',NULL),(175,'pbkdf2_sha256$20000$LiVhokfyIRTX$cMVKTlM6kf+IrWrfHJo0Ecnhzsy06M64nlXaRUS/LBA=',0,'shivapandey2793.sp@gmail.com','Shiva Pandey','','',0,1,'2015-11-24 20:13:37',NULL),(176,'pbkdf2_sha256$20000$3AxvtS0Mxja1$KkPk/JcK67by5e5/3oAAsR2cx7+h8i5OxbiuxF6KexY=',0,'sarikak1096@gmail.com','Sarika Kandasamy','','',0,1,'2015-11-24 20:48:35',NULL),(177,'pbkdf2_sha256$20000$UXhi5HUkwuhJ$l0m5HaENF9ZnZpxZydcfu1YUq7zGVKZI+uE5vXzuJf4=',0,'maaestro123456789@gmail.com','Ylk Go','','',0,1,'2015-11-25 03:03:38',NULL),(178,'pbkdf2_sha256$20000$9bPE04hyCHjB$9Sf86QTc0dFkQgWKrT98wEBVk+zHy7r1FMGG27URzjk=',0,'ranjithsoma1@gmail.com','ranjith soma','','',0,1,'2015-11-25 11:26:05',NULL),(180,'pbkdf2_sha256$20000$IbMe8YAhWfTo$rPJGjsliGx8cZwWaw4LEmpXVs1GNXID++lN8l+2lslA=',0,'praveenkumarj668@gmail.com','Praveen Kumar','','',0,1,'2015-11-25 18:09:04',NULL),(181,'pbkdf2_sha256$20000$xpQEiYuHKCLk$uF+r6Q4b5+IQ+uZ3K2Np6Bw0ZoUXuyb7ocY5A6Ac2VU=',0,'praveen.velampudi@gmail.com','praveen.velampudi','','',0,1,'2015-11-25 19:57:57',NULL),(182,'pbkdf2_sha256$20000$0mlRVAOvU4DP$CiI+WFNRJ6vx3zLmDrfcw1F0wS+ChX2zTiK+C4rMER8=',0,'shaktikumar.yadav@gmail.com','Shakti Yadav','','',0,1,'2015-11-25 22:26:08',NULL),(183,'pbkdf2_sha256$20000$1UyIejC1Pp7l$GHksS8m3/Djj7ThddYJQdfcS862qZHNCz/O67Idzkdo=',0,'nishajacobnitw@gmail.com','Nisha Jacob','','',0,1,'2015-11-25 22:49:19',NULL),(184,'pbkdf2_sha256$20000$G1bvPaibIS7b$2nFjcLDC/ez0XZDLBM+mowxilMsJCBX/ONkExkzBtkg=',0,'aamirdoha786@gmail.com','aamir shams','','',0,1,'2015-11-25 22:54:20',NULL),(185,'pbkdf2_sha256$20000$nwt3ynsWAClE$XWHeNVHek6PWmWSKNzo3rwbZDdPUgKFWtQKcPgHqUnY=',0,'afrozmeer@gmail.com','meer afroz','','',0,1,'2015-11-25 22:55:59',NULL),(186,'pbkdf2_sha256$20000$Fuex3F35Hm3v$I4fPiYB1qlvILstTvLf7uw5YyM2w6jYJrQWHzRYYSNc=',0,'piyushagarwal.agarwal5@gmail.c','Piyush Agarwal','','',0,1,'2015-11-25 22:57:44',NULL),(189,'pbkdf2_sha256$20000$i3jHoP2MomzB$I3fj7pU7bOY5Coc1rLRc0/Axwzpeus/MdxfZSWiiB2A=',0,'rishu931997@gmail.com','Rishu Kumar','','',0,1,'2015-11-26 00:10:18',NULL),(190,'pbkdf2_sha256$20000$7MobA4KN7kgm$3ZxqhY9PSN7f0Km0ldTBud4bZWtt81HUMh+20veiENY=',0,'rr.16566@gmail.com','Rohit Reddy','','',0,1,'2015-11-26 00:35:18',NULL),(191,'pbkdf2_sha256$20000$ap4LhsxGSf5X$FiNwcoIfBZuzgaYmNtVOhh3jWTarZJYRlYFql7KsSOo=',0,'rjtverma05@gmail.com','rajat verma','','',0,1,'2015-11-26 00:35:46',NULL),(192,'pbkdf2_sha256$20000$2GKoQMZoz3W5$UPnzqnpyzf9JQGeJMfZKsYEOfwmCwIKLewdw7aGX02s=',0,'rahulrcks13@gmail.com','rahul rocks','','',0,1,'2015-11-26 00:36:54',NULL),(193,'pbkdf2_sha256$20000$BiULD7nP05ar$bOVjCUkWpC9wLz/4Zt/Ftl0fBg+ujoD9XVLmiZ3Zd3g=',0,'surajperumallapalli97@gmail.co','Suraj Perumallapalli','','',0,1,'2015-11-26 09:51:42',NULL),(194,'pbkdf2_sha256$20000$6TPGjdnjeNWr$NWwxEwdoJ432N4FnfJh8tpEG20A6rapz5Rxjci3W2Tg=',0,'gakshay@student.nitw.ac.in','gakshay','','',0,1,'2015-11-26 12:07:31',NULL),(195,'pbkdf2_sha256$20000$fXCGn7hsyC0g$4Yfu6ezyRsheUzEUPJRsfNBhYUeV0rHBhACy6gj6AKI=',0,'sivask691@gmail.com','sivask691','','',0,1,'2015-11-26 12:45:11',NULL),(204,'pbkdf2_sha256$20000$TRQzPY4ZkJRK$XZzzGBhmOE72eKSuYeOKacd0uWvgmEJhvQk3pxaQg+A=',0,'taranjitsinghtakhar@gmail.com','taranjitsinghtakhar','','',0,1,'2015-11-26 15:19:10',NULL),(205,'pbkdf2_sha256$20000$w2cCqwc88kwM$IzkedoFV0jOPmLQCFyZT4rO68banW9gigXvksgTQ3dA=',0,'varun.nitw9@gmail.com','Varun Rangu','','',0,1,'2015-11-26 15:32:40',NULL),(206,'pbkdf2_sha256$20000$odHKZHsFbEn2$6pQK4/rAkkSTOs6ir2BoOWz31HVU/bTvkf4UM3/ozI0=',0,'k.sri90@gmail.com','k.sri90','','',0,1,'2015-11-26 15:43:20',NULL),(207,'pbkdf2_sha256$20000$dLK29wLV3c2n$/0uoL+hOQwkoDPHromzTnfDGy0/c1PIsm3J3M7wZopM=',0,'gorlasanthosh123@gmail.com','santhosh gorla','','',0,1,'2015-11-26 17:41:24',NULL),(208,'pbkdf2_sha256$20000$OPpzKxSMFjDD$bc4SS2AP3ebCRDPk7m/T4Pq/q5a9zE/PoEmL/gBtzns=',0,'saifuddin180493@gmail.com','Saifuddin Shaik','','',0,1,'2015-11-26 18:01:29',NULL),(209,'pbkdf2_sha256$20000$XhuWlazxjo9N$Um7yudSQlKHv7NuOkp4eyjRvqQ8ZJz4X8xsTI6KHppY=',0,'kamalkishoreswami@gmail.com','KAMAL KISHORE','','',0,1,'2015-11-26 19:11:38',NULL),(210,'pbkdf2_sha256$20000$qZvDzq4Vvw5L$1f/oBgAqsKyaMTlyD3i9QQJ0272o10TKm3Zx/w/RyhU=',0,'tejesh156@gmail.com','Tejesh Kodeboina','','',0,1,'2015-11-26 19:32:45',NULL),(211,'pbkdf2_sha256$20000$4RTefy9GTW4T$HBbefjyNN/gnwgDC2U83JzW8StRBFyVDOb/seidi7TM=',0,'shuvrules95@gmail.com','shuvam sinha','','',0,1,'2015-11-26 21:22:27',NULL),(212,'pbkdf2_sha256$20000$pL5IovlNrQy9$3/jeVq9yHUSh0/F2lmXYgcjoggz7bj7xiMooO+4KAyM=',0,'karthikshathirii@gmail.com','Karthik Shathirii','','',0,1,'2015-11-26 22:21:16',NULL),(213,'pbkdf2_sha256$20000$zUGzbfM79sZJ$VQpnu58OttZ96oriQWlyp585nkI05c5ETFPe63gNLJE=',0,'anushasha2010@gmail.com','Anusha Aravapalli','','',0,1,'2015-11-26 22:33:26',NULL),(214,'pbkdf2_sha256$20000$xPBlknfQefuc$S1+mqZE+oVGVGNPKyNAKBhDiLujrffeZuHezsFrgZyo=',0,'sarthak.nitw@gmail.com','sarthak.nitw','','',0,1,'2015-11-27 11:32:12',NULL),(215,'pbkdf2_sha256$20000$cJVu4si5zEOO$R8z4O/1+xLjC5lC6b78J2o8WlzV3PKto7Jtv0tE5JuU=',0,'deepzillu@gmail.com','Deepshika Arasu','','',0,1,'2015-11-28 11:26:44',NULL),(216,'pbkdf2_sha256$20000$NxqmNh91p0s9$jZZUvAZwE+E9K/OINaLASP8M3hKbHZeMFrNClrAsQ28=',0,'a.bhtngr1990@gmail.com','a.bhtngr1990','','',0,1,'2015-11-28 15:16:23',NULL),(217,'pbkdf2_sha256$20000$E9AgCiDY0nzE$yrUH/hCKf+Y+fCnFfv7EF1NcGNs9MlxHQLc2TOVl7dc=',0,'rishav11audi1@gmail.com','rishav baishya','','',0,1,'2015-11-28 16:39:52',NULL),(218,'pbkdf2_sha256$20000$fuGMGCL8KNuJ$fyyaec8gDmF7ctBeIySqm85ZuVN0l78Phl33sFrLBug=',0,'narayanaswamykadiyala@gmail.co','Narayana Swamy (nani)','','',0,1,'2015-11-28 23:11:49',NULL),(221,'pbkdf2_sha256$20000$YHYgcmlbXwiB$u6VYVN40wrHfluFhHuBQxbJgvDHpEuDlyZZsfnhnC04=',0,'krishnavijay.mech@gmail.com','krishna vijaykumar','','',0,1,'2015-11-29 06:52:40',NULL),(223,'pbkdf2_sha256$20000$nEzAK3pAzEOM$7Ic4NsEc27KB+VnFLwcnPCwD06dRazx1Auf4C23ZHI8=',0,'solomanuraju143@gmail.com','solomanu raju','','',0,1,'2015-11-30 07:30:02',NULL),(224,'pbkdf2_sha256$20000$RXSFWd0I9Egf$pbWm8jstx2c6/8/XILYUoj7IO/vaQMaq8xX3iTmYLQs=',0,'pvs.sylesh@gmail.com','pvs.sylesh','','',0,1,'2015-11-30 08:43:25',NULL),(226,'pbkdf2_sha256$20000$kameOdJzoXGC$zEn1kBFDQx60tEQTJauiXPjzKbINfLFtf3deygNulMo=',0,'ayushjhbk619@gmail.com','Ayush Joshi','','',0,1,'2015-11-30 20:39:05',NULL),(227,'pbkdf2_sha256$20000$qbt23SqegoFa$767gOkLan5+V+F8xvG0MBtfpXZxVbonW0Ybpq+ahx4A=',0,'roxrajivkash@gmail.com','rajiv kashyap','','',0,1,'2015-11-30 20:39:59',NULL),(228,'pbkdf2_sha256$20000$fGJ5Af0XGD8e$x+lZA3wp00hRmj2ABHoVYEkxrRdDvgnahCAELxtYDe4=',0,'asos525@gmail.com','Maria Adriana Sosa Saldivar','','',0,1,'2015-11-30 21:22:23',NULL),(229,'pbkdf2_sha256$20000$DLU511UE4UXF$XBhAlU+kVPCDuu1vqWgwjUI/MHdNWA49oDfTH0ZNmLk=',0,'maria.sosa@mba2016.incae.edu','Maria Adriana Sosa Saldivar','','',0,1,'2015-11-30 21:24:16',NULL),(230,'pbkdf2_sha256$20000$lDQZEDGbgPsS$aYBg5CvbL7s6us4QHu5qLChtDNGvN3IspO4z/pZ4PuY=',0,'prbagdia@gmail.com','Prashant Bagdia','','',0,1,'2015-11-30 21:40:24',NULL),(231,'pbkdf2_sha256$20000$UOnzRHPnlZU7$hzItvs1AEE5i/Dw4MsSXLsixZ5CpUR+9W5yn2RgQtbI=',0,'reddyvishalreddy@gmail.com','reddyvishalreddy','','',0,1,'2015-11-30 23:10:05',NULL),(232,'pbkdf2_sha256$20000$9jvkczzRWjx6$LjVvBdEtwCflgOExFy3fgpCL3EWLDRLYCARJe0xJQzI=',0,'evermemories143@gmail.com','Jose Augustine','','',0,1,'2015-12-01 00:57:10',NULL),(233,'pbkdf2_sha256$20000$bLr5RoL1BF4l$32S7qlBc8CpeXQiEI6neJI8gKFDf3JBu/k8Zid2BGdU=',0,'akash094@gmail.com','Akash Karthiheyan','','',0,1,'2015-12-01 03:54:40',NULL),(234,'pbkdf2_sha256$20000$uoFD1NZ9CvTE$dKJwcuvUbViHJFlA35clo2Xch7gsCedLpPAoRNwM7hE=',0,'kentgage2012@gmail.com','Kenneth Wheeler','','',0,1,'2015-12-01 11:58:11',NULL),(235,'pbkdf2_sha256$20000$ztbNAJO44Lq8$sfW444zze+91LhB3Mo/MynOwruntfJrezSwywk0EWLI=',0,'theabd95@gmail.com','Abdur Rahman','','',0,1,'2015-12-01 13:42:39',NULL),(236,'pbkdf2_sha256$20000$gJk9zzKQmjUn$qjN8DqEAMNBCzb+T4vNJ0xo5c2gWYqr3DNsYo6ME2FM=',0,'kandeanuroop7@gmail.com','anuroop kande','','',0,1,'2015-12-01 14:17:16',NULL),(237,'pbkdf2_sha256$20000$8WlBZjj0YB03$+Y68yp0eOUgrnJlIOOyx/E6nQYYZDi1boPX/pLz0fgU=',0,'devisatish17@gmail.com','devisatish17','','',0,1,'2015-12-01 22:25:47',NULL),(238,'pbkdf2_sha256$20000$6BO9quUTmtNh$jgKnxiW9tdXBE4s/yON8SlEZo2nMSUqCD9L4Uinr310=',0,'naveen.indala@gmail.com','naveen.indala@gmail.com','','',0,1,'2015-12-01 22:29:02',NULL),(239,'pbkdf2_sha256$20000$ZPy3tWT37emh$xhsv5rWIYekDrlswAJbcHNcowE7t6iz//OIL0QaC9fc=',0,'ucssvamsi@gmail.com','ucssvamsi','','',0,1,'2015-12-01 22:40:17',NULL),(240,'pbkdf2_sha256$20000$P4AdQYP6SIiF$IPWrF3r+FFCDH2JZ2GxWcdFfY5qzdr38B2IjnNSP2sE=',0,'paulrishav1@gmail.com','Rishav Paul','','',0,1,'2015-12-01 22:50:00',NULL),(241,'pbkdf2_sha256$20000$FbysR6hhgolW$lrTW8NflDOJgSC2g9cQeG/PakfSaKJm4MYM5mZUZ0rY=',0,'nathannguyen2101@gmail.com','Nathan Nguyen','','',0,1,'2015-12-02 08:21:01',NULL),(242,'pbkdf2_sha256$20000$C4ziRxYAPt1l$emKw8A1YjnLZmYrJmmbAZS629/t7CZTF0KAKkMTqCy0=',0,'2012ankitkmr@gmail.com','ANKIT KUMAR','','',0,1,'2015-12-02 23:48:20',NULL),(243,'pbkdf2_sha256$20000$wZRB64uulsM4$NR9VqpvUA9YNmjJ2TcnTwHpg48OeRqgtiFW/HELpONg=',0,'p.surya1994@gmail.com','Surya Penmetsa','','',0,1,'2015-12-03 11:37:37',NULL),(244,'pbkdf2_sha256$20000$6oRaNNeQeKlY$1PBafHZfrEimKega6EaCzb+IndoNxxP2h5fJVOJS1aY=',0,'aayushagrawal135@gmail.com','Aayush Agrawal','','',0,1,'2015-12-03 20:44:34',NULL),(245,'pbkdf2_sha256$20000$BOXALmK6bbts$c1rm62dV92OcxysRsBPi/UnaDCqhoTPSCgEDfEVF5/0=',0,'badrinaveenkumarreddy@gmail.co','badri naveen kumar reddy','','',0,1,'2015-12-04 22:33:16',NULL),(247,'pbkdf2_sha256$20000$nBrogcz6GsyN$xmpZYhyuXoQCUiG2BSmSK2p5QvxuxsKPfX3FylHX8Ts=',0,'civilaparihar@gmail.com','civilaparihar','','',0,1,'2015-12-05 22:15:17',NULL),(248,'pbkdf2_sha256$20000$D728BO2eXMzN$Oi2lwXGT12jNWjl14uWyqjg4M02e4zvkfZllz5fxmUs=',0,'onlyrahulpal@gmail.com','Rahul Pal','','',0,1,'2015-12-05 22:46:12',NULL),(249,'pbkdf2_sha256$20000$izlMGoeSe1ke$nLA7F8+DeKyDH7iFN1K/3g8bw4JF4FDHX+rzmpoK1T4=',0,'abhichandra1998@gmail.com','Abhishek Chandra','','',0,1,'2015-12-05 22:56:34',NULL),(250,'pbkdf2_sha256$20000$n7Xo9oMYyUl1$+/INaDEqYEl2oZVhUvTAheySoZAe9t8ZCkVCOJhJ9vc=',0,'sunank200@gmail.com','Ankit Chaurasia','','',0,1,'2015-12-06 19:34:48',NULL),(251,'pbkdf2_sha256$20000$pVEKcXzSQjSq$TQhfKONKQ21T7jyxAUX7sVrowPi7VqDG7E1HbGpgdWs=',0,'md.faheem.jagirdar@gmail.com','Md.Faheem Jagirdar','','',0,1,'2015-12-10 00:10:35',NULL),(252,'pbkdf2_sha256$20000$h2yqtLSlcO29$HQ8m2miwy5gICFDwcjUrx2WMeKzvklsH+3C7C+4d22c=',0,'tucaariza@gmail.com','Arthur Ariza','','',0,1,'2015-12-11 05:40:12',NULL),(253,'pbkdf2_sha256$20000$crhdwwJjNWSh$Lk+vzp4khW80vXmFjva/39E9B4fAW9cFVN+zdrdfb24=',0,'vineethshetty@gmail.com','vineeth shetty','','',0,1,'2015-12-11 12:09:21',NULL),(254,'pbkdf2_sha256$20000$yIG26V1s4QLq$+UEsG5LKpwO55Oz21Lbrehq3e0h/utvatfDEvSIHzq0=',0,'abhishek931375@gmail.com','abhishek shah','','',0,1,'2015-12-11 15:28:50',NULL),(255,'pbkdf2_sha256$20000$0SgEHRFfI2ZY$7CTayH3KvC0sS7O3ADv9a047Sa/N0MVULveAIAkkovs=',0,'sabbella.vamsikrishnareddy@gma','vamsi krishna reddy sabbella','','',0,1,'2015-12-11 15:48:07',NULL),(257,'pbkdf2_sha256$20000$0qpLRE9bnDhx$s78NDEZQ5RKA+cySgNiKgwH5ays85JiaZppD8rxScew=',0,'yogi.limmala@gmail.com','YOGI limmala','','',0,1,'2015-12-11 15:52:11',NULL),(258,'pbkdf2_sha256$20000$4db808iFEQ3o$ew9FLMEC7tOUKWT2rbS7gO90jBgcreWwdwhJn6J9lYg=',0,'pranathibhatt305@gmail.com','pranathi kattige','','',0,1,'2015-12-11 15:56:04',NULL),(259,'pbkdf2_sha256$20000$tftnWfIIx4AU$XLXMr2VmF3E761uVxP16VCquM8ELmD+nx+sQb4YDFGY=',0,'shivaninewyork@gmail.com','bairoju shivani','','',0,1,'2015-12-11 21:25:10',NULL),(260,'pbkdf2_sha256$20000$WYZ3Yijj6bFw$0pNJmcUswtPFo6akx6dwpk3/FmyStsN8fh1AENCkTrw=',0,'bhanu.tadicharla@gmail.com','Bhanu Tadicharla','','',0,1,'2015-12-11 21:28:05',NULL),(261,'pbkdf2_sha256$20000$gdRDenCN4DcE$sGNwtvIXPZWukXMoxaiMEZY1Qg+yz6StcGJqLAC5fzk=',0,'gajanand9@gmail.com','gajanand9','','',0,1,'2015-12-12 02:01:24',NULL),(262,'pbkdf2_sha256$20000$Lt88g424cXIw$tu2s55S6fVGBPMqJJ4ohUYBsnJyRg33zzUp3YmgWwCQ=',0,'gunpreetkaur31@gmail.com','Gunpreet Kaur','','',0,1,'2015-12-12 08:52:01',NULL),(263,'pbkdf2_sha256$20000$zl1RRjJDBV2H$ZkD1cWYPhv5utmcDk+RC127iQpBUEjIVIer9dClPPeI=',0,'jyotimourya@gmail.com','JYOTI MOURYA','','',0,1,'2015-12-12 10:17:56',NULL);
/*!40000 ALTER TABLE `auth_user` ENABLE KEYS */;
UNLOCK TABLES;

--
-- Table structure for table `auth_user_groups`
--

DROP TABLE IF EXISTS `auth_user_groups`;
/*!40101 SET @saved_cs_client     = @@character_set_client */;
/*!40101 SET character_set_client = utf8 */;
CREATE TABLE `auth_user_groups` (
  `id` int(11) NOT NULL AUTO_INCREMENT,
  `user_id` int(11) NOT NULL,
  `group_id` int(11) NOT NULL,
  PRIMARY KEY (`id`),
  UNIQUE KEY `user_id` (`user_id`,`group_id`),
  KEY `auth_user_groups_e8701ad4` (`user_id`),
  KEY `auth_user_groups_0e939a4f` (`group_id`)
) ENGINE=InnoDB AUTO_INCREMENT=3 DEFAULT CHARSET=latin1;
/*!40101 SET character_set_client = @saved_cs_client */;

--
-- Dumping data for table `auth_user_groups`
--

LOCK TABLES `auth_user_groups` WRITE;
/*!40000 ALTER TABLE `auth_user_groups` DISABLE KEYS */;
INSERT INTO `auth_user_groups` VALUES (1,45,1),(2,125,1);
/*!40000 ALTER TABLE `auth_user_groups` ENABLE KEYS */;
UNLOCK TABLES;

--
-- Table structure for table `auth_user_user_permissions`
--

DROP TABLE IF EXISTS `auth_user_user_permissions`;
/*!40101 SET @saved_cs_client     = @@character_set_client */;
/*!40101 SET character_set_client = utf8 */;
CREATE TABLE `auth_user_user_permissions` (
  `id` int(11) NOT NULL AUTO_INCREMENT,
  `user_id` int(11) NOT NULL,
  `permission_id` int(11) NOT NULL,
  PRIMARY KEY (`id`),
  UNIQUE KEY `user_id` (`user_id`,`permission_id`),
  KEY `auth_user_user_permissions_e8701ad4` (`user_id`),
  KEY `auth_user_user_permissions_8373b171` (`permission_id`)
) ENGINE=InnoDB DEFAULT CHARSET=latin1;
/*!40101 SET character_set_client = @saved_cs_client */;

--
-- Dumping data for table `auth_user_user_permissions`
--

LOCK TABLES `auth_user_user_permissions` WRITE;
/*!40000 ALTER TABLE `auth_user_user_permissions` DISABLE KEYS */;
/*!40000 ALTER TABLE `auth_user_user_permissions` ENABLE KEYS */;
UNLOCK TABLES;

--
-- Table structure for table `authentication_userprofile`
--

DROP TABLE IF EXISTS `authentication_userprofile`;
/*!40101 SET @saved_cs_client     = @@character_set_client */;
/*!40101 SET character_set_client = utf8 */;
CREATE TABLE `authentication_userprofile` (
  `id` int(11) NOT NULL AUTO_INCREMENT,
  `signUpDate` date NOT NULL,
  `ipaddress` varchar(25) NOT NULL,
  `lastLoginDate` datetime NOT NULL,
  `user_id` int(11) NOT NULL,
  `mobile_id` varchar(200) NOT NULL,
  `loggedIn` tinyint(1) NOT NULL,
  `collegeName` varchar(128) NOT NULL,
  PRIMARY KEY (`id`),
  UNIQUE KEY `user_id` (`user_id`)
) ENGINE=InnoDB AUTO_INCREMENT=233 DEFAULT CHARSET=latin1;
/*!40101 SET character_set_client = @saved_cs_client */;

--
-- Dumping data for table `authentication_userprofile`
--

LOCK TABLES `authentication_userprofile` WRITE;
/*!40000 ALTER TABLE `authentication_userprofile` DISABLE KEYS */;
INSERT INTO `authentication_userprofile` VALUES (1,'2015-11-13','http://172.20.41.78','2015-11-12 20:16:20',1,'APA91bGzrX6HEgdPg4XCI-30TE9gTg9YeUFayr7xb8KDDl6WbyzXBJhfNIzeadptI_pjcfRTMVpjdAVZraHIC9m6t_-9o6lEPp-hb13RyBBtN5MJmNzk-6bAme8OHI0TcTFH4yRu4nhD',0,'NIT'),(2,'2015-11-13','127.0.0.1','2015-11-13 18:12:48',3,'132104120380123812',0,'NIT'),(3,'2015-11-22','127.0.0.1','2015-11-13 22:12:20',4,'APA91bGCBb9asjLg0ftC51e0nrDyObyFkMGeF2klzlr_Y_FqH4kSvYVeNVEKfpwVz3N_wT19BJ8oiNDHblRm1lyXqpUXeUgDbWxor-sIPwKznVJn9WkiBaMNSjNgo3gu_3TwruqCdLuvre5MID_b_VgKJdDrXSsanA',0,'NIT'),(8,'2015-11-16','106.185.27.192','2015-11-16 22:46:55',9,'APA91bFVl_tw6Kf_TFh-Dfwz39uXm4wR-fbfcQvO_cyApb0DEsK_NR0qzfX5BZCRgOoJ5D6_69BXGfoXdTa9W4qsGOYU3-usOJAUE5eMrMaq9E7WR372fshqY-mlYNHuvNFMTAq4KpiArbJ4bLspaxsFetN-kTmVug',0,'NIT'),(12,'2015-12-12','172.30.102.169','2015-11-16 23:50:10',13,'APA91bG1MO6q3Ltla3jsp21Fr49-fbhIErnkNzu9FYrdcN5wQjwZqLBd22v64yVKLfwnqsH7RhkwEnR-m5c11X8Yg5w-7-OOjvqOB3qkn0SHN2p7a-_uLqReIvZYNY_gczAhSFtO4w6-',0,'NIT'),(13,'2015-11-17','45.79.99.115','2015-11-17 23:28:55',14,'APA91bHM7OS_k1zSaGcbD9bq9zO3JIqGP6QtcHqXdn-HfJSERhwDtd3iNhvfLlfZrB3IE3yHc2ybnsjUh7DI34MJH7lP7ISiPLt2ownZ84dxIHoYOmc87idJKuPjr4qBS2UqdGDykpYbtzhjgoLA6oFMfukrdiZtfQ',0,'NIT'),(14,'2015-11-17','117.230.217.131','2015-11-17 23:31:31',15,'APA91bEYS_tcisWpDmMu-cXcGqwS80dxy8wIoJuRPGAZ3wDo4sWA_AEdey-DqBFo8Kzwpo-uAMQXu_e4iIrbzI29F-uhGoyiikmg3VP1yhiTEc9rtRm0o_sF0YaitPoNIcwaD5Ru_-gKhuF_C7x9Nsy_t0Q49YdTcw',0,'NIT'),(15,'2015-11-17','106.220.35.162','2015-11-17 23:32:05',16,'APA91bHDgZC3P3UXiS2HAkXl57uhz4wJtzD6wkSgRYa-jkRjswoZW3MInAFdvwDRn_3Q06UqfqlS0HpOiPnn0AYltg0bA0M_rRJ0UspRGb374HC1c5sG9368ipYg8f3mYYcPdGVaxH_r0T7vO5C4UmYjvGrUS_gfRQ',0,'NIT'),(16,'2015-11-17','106.77.81.234','2015-11-17 23:32:53',17,'APA91bGTkr_Mj21M8nHT-UoQr--cjowIYFaXZNgKuqv6A6ViiQjqQtcoXrKrHxKAUrykWgR7v_gH9KwNrUw_psATd-h1VQSU7z-nxNmtdfmlCXQrJMH9-Ll1Hk5LQv8uEq0Hw2v7VDdJNS0WuvzBY__gVFzVeDs6EQ',0,'NIT'),(17,'2015-11-17','172.30.101.51','2015-11-17 23:33:47',18,'APA91bEb7gIKXadZDml5mwPRLbkizVWITNVNNREhN-9dH3toD9vQlqFuEyn-j5B1V-l7j-u9Wm1kAjdvTTqENVtEinVptVCtdb35VRr_okT6n7hi-1kVLX0xxSyz8koLkHX7u_wOLQZm50lc15XhwcnyLR-b0hEX-A',0,'NIT'),(18,'2015-11-17','82.196.0.83','2015-11-17 23:38:51',19,'APA91bF_recBxZ9pEOxmMaw0fqU5IDrRcsEiaRVM7TgnM0d4AEKRc9DBE8zvBjnnRaCmuEnHjn50rOPh6kkH9AXnAX1FWKuGtJpBuXKwMozLcsCI34-9nMa_jFe9cvhLZdpCrsXhszgoT10i6Tiqmep2R8lxONbNEQ',0,'NIT'),(19,'2015-11-21','128.199.132.252','2015-11-17 23:40:14',20,'APA91bE1oQa1VBJkst1bjEhudr7FJtNVLai5caBHL2RfAuu8geJZzYfvvd6s-3Kweeb8gySdYNZ9iNLJ8o_PusfXo5uc9ZtuVpVQdlJTxrKXKgLSVM2Co0_yUKxa43MFn46pKM9tITu86XMLsHx9wzzq0N4Uxlypbw',0,'NIT'),(20,'2015-11-17','106.220.241.166','2015-11-17 23:42:21',21,'APA91bFgLXsecgWRSdUPmUrDj6NYfDzz7UWijEfpzlSUvEpgwBAJMymQIVci1FAr3tib86qiNMElxfBI7EDR4yeiqWXmcdkYwIA8nXhRwnwL6aLEgxlYLg9HfgYILZcnwyWF7fE-hna2bUZM7Jhy3Bn7v-u4vOYloA',0,'NIT'),(21,'2015-11-17','128.199.236.89','2015-11-17 23:42:43',22,'APA91bHMqPme5RPiqnz3n3_1B7KcP0V9d7XecCBOUZ8uQzXrGUv7rVOLGrcG7rtYzqmpBrpQcCGjLnSjPvX4R6qYN_5s961_kuNTSXpJjghk6WYJyQnDGPMDv61Pi2G8XWJglMJnpRI4lMUrhnJE-hPIADSHLo6CsA',0,'NIT'),(22,'2015-11-17','106.77.179.61','2015-11-17 23:46:43',23,'APA91bEHAY2fFOm4_kxf6lgMNHJ2BrAmmj2TwFF37QSPIbE00DzuswBs4XdPWd8QKW4624R8t2sXPeKiEG1nG4xID9tzn3Qajf4uGf4d8r5N1XpSJLSx2kLHwhbCIsPhjNzinlUwqGUAc1UGc0_iNNu5khVCoNgb6Q',0,'NIT'),(23,'2015-11-17','45.56.84.154','2015-11-17 23:47:31',24,'APA91bHeCyP62sUK0SXeR50RMl31LOEmS7VEpvHmsUweDG4rNGg3DU-eqkTYO8PXDcI0pYXjW0BMuX4AVJqAtPgfNPjlm5xdB-EWefYG5nXqyNygJHDLiS0Hj0vhzHizjAqC-kqv3kGjZhinWadi-AfmEPehDyK5pQ',0,'NIT'),(24,'2015-11-17','106.219.25.239','2015-11-17 23:48:08',25,'APA91bFtUzd6DirCwOs0yhPMvFaremBeCJitCddexVuBjAhhXlW_F35aqqZBgjaRafk1fiMfJA3j7wIf7gKauIIGovKAR2Zm7VSQrbsLTNWz9cMoNoDCGpBVjl44hvbtCkRAZShWskvvRxYGdlM72sqeLdokOqHEkQ',0,'NIT'),(25,'2015-11-17','106.220.176.81','2015-11-17 23:48:09',26,'APA91bEVyadnvA2ii0ZX1_OlFV6u8Sedf-x43NlDwlvQJ0SCpv2m6AL6zCfvxznqmFaFh9f8s24bEiO62o_MxdOpIcVv1vMB5J3LZK7tQcYX6bnikrzNQAGlXTCwF14NTfyqDyATg1zSZ4kaacmDAvEJIiHZvlgJZQ',0,'NIT'),(26,'2015-12-12','212.71.248.29','2015-11-17 23:53:02',27,'APA91bG4JQ2_HiolullxyOHi65z5F0Q_Yqz1cNcSfZMfPUs6UtXG5GbcrcCtpT07Hp0Fbb5mX_c_ntQGSHTr-7Wa2GxWd4F8gcJCM6BcVeYfWtUO8VAzkZ9k7XTak0qdixl-a5kM00zOT6tyx14OjkhA0avxERIyWw',0,'NIT'),(27,'2015-11-17','106.220.7.228','2015-11-17 23:55:10',28,'APA91bGVwjEf_-JzfpkG5_r2zjCFqRbz5Vj3rQ_7XFB7Hi3XmTSs3FuRw45j3bn7BrPfUD73BtK6-TtPm0pin3zXG3KpF5G7uiit9zbkcDE3h2Il-yTwPl4KTh-9irLEhW-2b5si-Y9e3vNh2qVwk9PCfo1E9AVZaQ',0,'NIT'),(28,'2015-11-17','50.116.46.244','2015-11-17 23:57:38',29,'APA91bF_jrh6SA5o33iNfkxlLetVUjNTs614knpEKw3T79zrOpCG9P15ohFwShi8bnPpWuQ2orOTACic5wUvyHnYBBsD1u5GH9zUADM2PZQXmVOxtw_sBozJysX1EDak96kqKNdv68ywGd3XlSlMhy52lwyNv1r7Qg',0,'NIT'),(29,'2015-11-18','106.220.207.33','2015-11-18 00:03:19',30,'APA91bGYyiSwqJWMpdkufI0dFX8jpuwBkvtIlGdE9kdHGoRu5XpwmAdKQjL2EVtXvxqmSMR3Bbjonng_mikLSCF2WlG2JfkEuNL6nzJBxGiYZ8LOYf6BM3GCX8tv3zUrUt5VxSGZtGoCLASUOVecnM_QCWb-DQYG-g',0,'NIT'),(30,'2015-11-18','1.39.13.236','2015-11-18 00:03:35',31,'APA91bG0QMNP28vbuBC3yDba7jqBFfx8Lafgwl8nh_e-Y3qf2_K3MjMbZuvfNDhIYfd8t3hb79j5JdPeOZ1u49nFvfm7qsoaIhhBLnotA-fsfYY5ca7RlE2nzVVrgww2CM9SmU5hL_rG4R9fOk5anABXJTkHpWFmqg',0,'NIT'),(31,'2015-11-18','172.30.105.18','2015-11-18 00:07:50',32,'APA91bHcCi131p2zMp8s9jFGdG3k-L9wFbsedOXp2MjVfODpjpdVvFJ86NaKmhMRGzUAE8FFTyOACdPwsEe7RUJgXJfz_VStIqppx4KmHltAdJ3qzg6szM0hdFAGfyaw6uMgYQko6i9LRC1_AVyzHAp2D9RmOFPfDg',0,'NIT'),(32,'2015-11-18','172.30.126.182','2015-11-18 00:10:09',33,'APA91bFom84zWdhEZvxYLQYtlLJXvLYa63ZSTgzzAV1Xt31kPV5C0TstLziEx9ovYgHd83CcJwC4Xb6gq6R9K3EcVXPgrjgVmrOyAYyDn7oPNv8bsWTCHEqGxevGOt50kL_np8DeTP_4ONUzcuN9GE6VcWGBy0-jRw',0,'NIT'),(33,'2015-11-18','128.199.233.32','2015-11-18 06:46:18',34,'APA91bHOzci8LQNzAWJ4BHa5vcIdHaKpIgH16DsFRaa0la9FKuGImTSiy44huu2FnDWxItqFVE6B1k4uGVXoXOV8PNbmDrltzar93dBCr3R-eYTGC3gQnwcEzt7jpOizsMszLPplYw5F4y7hVcJQcDn9xB4ahuMi5w',0,'NIT'),(34,'2015-11-18','117.231.155.243','2015-11-18 07:07:16',35,'APA91bG-zwHZjKQJqB-Pe8sqKENkJfFPHG_pRx03lzGvAk50soaukoOwNPbwLKoTHN3_J2uRDLEbWZ7bRPBqDx_V_D2_OTkDQf3Rgt1WCAPkh8TNo0mc4DZevFSFnCeOyg-Rd1Eh9_QfIaM19B-rosW4lsiGI_1avg',0,'NIT'),(35,'2015-11-18','172.30.147.6','2015-11-18 07:29:57',36,'APA91bF5rZMF5Bn0LtvehkakE6k5RcBi6wDRQDyxZvwezGambkbKIDKLHN9v6TNs05-5p623XuwD7CQQmkIdZCw3W1Y7DBBHD4m-b239SAf6UU1H8wKIw5Ope782D-QaeiW5fOffjfD0bgxgnEi1g9Ij7qBF9BrCRA',0,'NIT'),(36,'2015-11-18','106.220.154.136','2015-11-18 08:31:52',37,'APA91bFuviJApnKTgpBIpgpB9qCE2fFEKknk-DQ0bEvHRJQeGYzcMMl7NuFck1SY-nvVCBAwDMMLstfB6uCSI4QP55AFhiAjLlE7aVe58xXYoE3PnDzHUJmtEjc_HfVqGsGLbzCAmTV1MkEMERxoLYh0b1lOIYVvFw',0,'NIT'),(37,'2015-11-18','172.30.105.183','2015-11-18 08:41:41',38,'APA91bF1KFVNzdUxWqrDrCLa_alvps09EuElPk3mhrsJ55JevcWGPJcXQUCmMgHeJ8nMkHvC2PbpKeGtIQux3KfoPOzxFZcMwUu8uoBJApPuSCluyEzLzc69xY0g-Kk6TWlKU1j5k3o1ZxpDXSlZmAhtgLBQipgq9w',0,'NIT'),(38,'2015-11-18','128.199.133.175','2015-11-18 09:53:33',39,'APA91bHna5Mut5jAnxjxkv4KZ6SHnj6ahXsQB938JYfCmHudd7ddfkfpIlWX_alAfi5BnfCcmxo8Jetzkl4vp5AkMJ6d6bWjt1BWTutRH90smOH8R67JdOkM4c3QrQpPYNECL9l_IYfy1Y0WOtTnhizt0jMPhUyzdQ',0,'NIT'),(39,'2015-11-18','27.34.240.78','2015-11-18 10:15:29',40,'APA91bF4fgasIkCqeZGhJzzeDM1VVlczA_CnWSzsBOF2HOHUODA_r2KUDYHfAfMB1ZkJyGU60vVhmDYjlwkRPjrWm7TTMvKO_KyPmb7-Ev8PQ4YtxndcWhP2xX7GgQGxnvq9IEUljpeo5iYQKvB15oCQTQ8d0LoMDw',0,'NIT'),(40,'2015-11-18','106.185.26.201','2015-11-18 10:43:54',41,'APA91bESI6yCKwWAUPaephMHEcwoFqmt5eZReDPoB_W5Vd_6NyAVahEB2mtcpYGpNYN5mCNSy9VZ3LnMsYOos-yIla4V5_ZiVNE2OOJvCrayCCgM0UUiIbF2DQsjhyt_7uI4vmIkSc8bqyuC6Ak1RV9ASex8V97cZw',0,'NIT'),(41,'2015-11-18','106.219.11.190','2015-11-18 11:05:26',42,'APA91bHMuLCXEd-eEgRrpvwp1FcHro2vyhSk4s1SUPI6SMlPK9aDGNOWb7rp-JjvRzkxIO78vb7XESZOtDpXnSk5ZibxWzpt_aN3-bDM5DZSo-zBIAWI8NhWsE2lfewr1NxErLNUL4_SR5bVC30UBAFivx5QE_wnFA',0,'NIT'),(42,'2015-11-18','172.30.127.48','2015-11-18 11:26:45',43,'APA91bElO23xYBBWVM5cOSSjtOKTrC5FoTYM50JHh4smIBkgxCDLleZu-VKH_bAZZd5nIOMbTCxroQZKIzTVxNDeASQSbKKYESXHV-Sbc6N4nfG-YjtQAzCbahbbijHCvr8H4k58hzWAs5_JJmjVOfpk-Rcjwb-nhg',0,'NIT'),(43,'2015-11-18','172.20.24.91','2015-11-18 12:04:53',44,'APA91bG84ppPZbbaw25090S4OcsNlN8q1Dku_T9jQ2Y2du-bhuvXTwf7bGhnc9Gb_fHNOQf7wWzDdvkfjwui7gtjwlKi6UXD6FAClHG-sZrpU_g4Ut7wafoiHet5OmsDhz0hVBwcWJN_uKyqhgc_MfdIztxYUuGFPg',0,'NIT'),(44,'2015-11-18','172.30.101.130','2015-11-18 12:50:12',46,'APA91bFg1Rmm2rk4p2GWs2W2aA_wdFBVBVaD05Pywddqe-bG4if0s_5UGS2IjIYX4jNgG0CoCa16h6jr8WrH8C8VbfJftCd0qr8AADr7zdmWODAfSG--aNigTlE0ecrIPxkkOAvTCZ-Fb_l-j7uvhE1G8E87j9UDVA',0,'NIT'),(45,'2015-11-18','128.199.128.202','2015-11-18 13:15:06',47,'APA91bHEh5fHlLNS-nAAAlC9TFC3tKJDas5iO5SlyEksFmfNzChG1Hsp3xXC9wQyYIatnrJ0tHgG0RQFbxaImDN83z3XzxzZ5uGoelYi3EXaK6p5wAIlSLhgtaM04HOnxFIvp8S3vZ-hR7LIbhSJZ3DaqXMUiFqd2g',0,'NIT'),(46,'2015-11-18','109.228.19.93','2015-11-18 13:31:48',48,'APA91bGAOHZQYQGzMP73ExoXaH8zYBHDKKEqW3N-VaEpZsvu8x__oCk8BFyG0Q_S5GalSYhjST6OqSLYLFj8WzwNnRmp9aQQrZwECCBDRPM3S9brbEC5xvWu5H8oaoE6rnyaotTFBWv7LTUFePpKVdbLiYF53oeVLQ',0,'NIT'),(47,'2015-11-18','185.3.95.137','2015-11-18 13:33:27',49,'APA91bFyIz3_2hIJXbTHVsHQKP_pe_eRZ1bos239SCWy13B4uz9JiR4WnApIKFNmlHRtK650eI70rZEUwIEpt4FFSosaGzRbEHtAPka8fbD8IMPU_Jmf80PkiYU6mJj044atJbex0U5Q4bVgKXm2uNXOR5R0ZNXA8A',0,'NIT'),(48,'2015-11-18','172.30.102.24','2015-11-18 13:36:27',50,'APA91bEsTQb3bdOa19M0Jq7jnuRZzpkxaLnxRNshZZX4gpWmK9Was-TiV7j0wGtsVLGBxcjANSpIUyIhKpagZBAWQZO_5SUuk6w8e96Lmx4nz8L_AOrFhAkQy60sDha0OoUpC2mSlE-Cd6M-ATgRuMxo2CwYXLjaGg',0,'NIT'),(49,'2015-11-18','106.220.42.96','2015-11-18 13:46:46',51,'APA91bHMrRNq1Bxehs-JasD0460EmW6E6GUgOw0RGLOMzZBvdACYGse2rSShhdSt1hErMuXzbaw93hXT_oHJJRJ3L-IjhNnxx7eGoL4iiJ8l1ZM9_Dewl04WRdcnzkk3T65fERSkcXa-9wL52M6qTaTcddFRQ8WtAQ',0,'NIT'),(50,'2015-11-18','172.30.128.101','2015-11-18 14:19:06',52,'APA91bGTbKXZmJbSfxyyHnNk1HSRbJzUMOoRRh1JGjxcPRQugXrYthwXSXRAvfFBUs_ua8jQJluAmmV4v3GdrZzKWYvxwLiw061qOaqhbqfj6fUzGR2NGm4X2f_W5_x84fY62cifoeT0C4nsuvMRXdteWBqyxpoaFQ',0,'NIT'),(51,'2015-11-18','46.101.228.105','2015-11-18 14:59:56',53,'APA91bEYX7OVcjt3CKDeePv81ULa5LGIz6YecwxAP_77thkdTpF4UNSBShwgG8cpLSagHfsnzajUfycgbXZkbo9_G2vbpASFpNAsQGODEPEICtSujsqYC965AUQY98nratfVsglDex5TbhbRDrLYJvYSf13GuN0OLg',0,'NIT'),(52,'2015-11-18','172.30.126.182','2015-11-18 15:19:01',54,'APA91bFpiwulUGlrMF6j85h2M74XzF9TXFF8Ch36CZBcbe4ZmXBDLlVR50gbXumLOQdcpwHzZvHUwmdBDg2JwuZMKQAnwKWRPxZZMSOGRCj5NAfWKWggY4TPfdA340Lnl9ioyPGKydpS4swiRveTprL6eMFE5EoD_A',0,'NIT'),(53,'2015-11-18','106.220.213.154','2015-11-18 15:41:44',55,'APA91bEbxQDRIQ4soUm3zIAB4tP5w2lK2xnuY3sPd6JyuHGxcKYFxh6tegDHe1vP12nVfkQv9YcfJsbgKzbi3AJEdlRUTXQxNSaQtwFb24Sa76KAIwc2AhaS7tb_Ju8JSEFxDt9I-Am7wyf1EZGUwSxkp_cazksFsg',0,'NIT'),(54,'2015-11-18','85.159.208.201','2015-11-18 15:53:33',56,'APA91bHG4TK5XxtlaqmaPLFWO334UilLPrByBoLD8PXCZ3obHXpdTp2BGoA4tJ-XZwl3fTIXPC2B1wphm3jwWkC6-gA_-mo2syOZiOh_VbYCiiM2EOm66W0c-GTrbsOB4SL4Z9VuER8p07ZyVRIOhWSWTuA7d2nLeQ',0,'NIT'),(55,'2015-11-18','106.77.183.62','2015-11-18 16:32:42',57,'APA91bF_tF75qIyZfxFDAXb-WMBOnUxd7fHkjvunimPoEy1OXwmsVtykEH5ayK4rKMQdfZ_a9ssm-GwVlZFu1e2Y5-WRcDoXLIoO4ael0jfYhy-oXGrwKrO64sVLscm0s7brUafjVjKw_31yE6rJgHdiLZBbZ6X3aA',0,'NIT'),(56,'2015-11-18','190.22.175.45','2015-11-18 17:31:44',58,'APA91bGlbj_wYbyN0aHN0jzEAC1dd0E1lKBBhDHIDG1-DsgjNfvhsl-HOysoHgtcnu2BEmRXi2PWXNNXrJFHgqCQRHjTlZobRm_bNUWH8i93jylC5gIY_AsXopIFoVuejtjEY0K4FOw6IrEx9khjBekImK-voyR91g',0,'NIT'),(57,'2015-11-18','178.79.184.197','2015-11-18 18:57:12',59,'APA91bGX_z1mWVucwZkA1hrNfVtJFDXKj23r_GtfJ112JLbHLsteFd5Wl4_DDFwN5cmwgvaSKoGHkFRsLFOYAL8Zp1-Oc2JHV_YZZDi0VtEajTKQkdJPhNupCMcrA2_g0eOShJ_Y1yieMjoiJOPOlIrrzN1fPx-Kmw',0,'NIT'),(58,'2015-11-18','175.101.16.113','2015-11-18 19:02:03',60,'APA91bHuoAo4oQu0eKGyEqwKsmGMrOwTm3-tyhfcey525iDkh4YH2SvzNaW94-j34T_vfccBmfJL7nrP9cS99dOpQveOrUFxRlBdhzKxPEjWZ6gfDUjxh6GXIcv-1iHQDbSjLLaL8E8W-zCWjFi4sFNqsK5pCBXQnw',0,'NIT'),(59,'2015-11-18','27.97.221.110','2015-11-18 20:18:42',61,'APA91bHrS1wqnqL_cp-vo8OZk-48yfVpGMpoRDUPipjzqtn6CJMx2MJ66djo9LUVVksIsxhBDyYbeEsLecZRMuQItnHSEgvP12XYksgSXiNqAcBYsCjqHSzj3Wnj_CR009sOEuD4sd7Es3xrIacBG9vsHSd8u_WEMA',0,'NIT'),(60,'2015-11-18','128.199.140.151','2015-11-18 20:33:10',62,'APA91bER0he6qWS6hN4AmfBzulMhhXSYqO4VMMH3tCR9CXOSorAHMD02S5WkAoh78hSlqZBG-lguR0pujiK5CqUBbs5k7lBVGVt_e1ksF6Y6MZX42frn_MJ_MiipRmvJO0K8Mz_aCzEF28bOBf6xG3ej3XIfmx9OOg',0,'NIT'),(61,'2015-11-18','77.68.40.184','2015-11-18 20:45:07',63,'APA91bFwXB-LvTdLblBOV5RgQU5ya0RnO9ELpgiAlSp6w8WEG1LT1XDPI_FOBoTE2Yta-wV0iMXqHJGwsWPKb2mOkYG_iYNAjMLj4LPGj3gNMhEh_0lxaQf6r2TftW3YfJUxJseZZm5cUL9K9sh1eg3BkH9zUpRNIw',0,'NIT'),(62,'2015-11-18','172.30.102.157','2015-11-18 20:51:24',64,'APA91bHfUgMIWaZnVd4IEOYutXnic2c8VGQNVCryMrecMmP9NIH3Czr7V6jkK4bSvH2I3dQQoDUD9NyZHBWjtPTYnjrffX6zFOEeyx_2MG8yUNMIrHKHGPBf2PmBrM3VphzP8Rw95J-VUKYXraNv7Dbp4E-EVpAbZQ',0,'NIT'),(63,'2015-11-18','106.51.243.134','2015-11-18 20:53:20',65,'APA91bFYNyQZurcL-W0SkQcJ3pTXrM7FF3VJh1rxw9up3SF50N9Y1eAbFA9nEuIaM2QG9MpB-poZ8fGyFdsFCzRLgh_NFmaWKXjLmRzMc2AvjfsZF55E850SrxKJR2WWwz5VjWxFjrsY6MxtrKytM1cB5OVRRQER0A',0,'NIT'),(64,'2015-11-18','106.185.55.61','2015-11-18 21:03:57',66,'APA91bGVM3ixD6DKCQ7H446CRA5CYIIe61LTvTMLupigreQChfKoY3PcA4Vb8-cK4CONZVpre4fs8iu1giRe7WoEk2rG-GXlLcIO3-MyjhAeSiD7eUt_jP9wZ8b0QoVi8ZJMA6UmUnHdou4hTLpAp0x036VRLSuf7w',0,'NIT'),(65,'2015-11-18','45.79.193.17','2015-11-18 21:24:46',67,'APA91bGyuiENukLVjd0yBpUZ4lsUm_E1c646HGzSUxbotL7BhdB8ZwR8bKdO2BQWJLY6KG4HiMS7dbpUAkD25bKBMgrbWQu4bgBL2s0FRkwnIwbUZ3IwV6Q1v7udreNl_7L_CuH4iz1ib6BaT4HVhV69jUODNnJHGA',0,'NIT'),(66,'2015-11-18','1.39.60.213','2015-11-18 21:31:49',68,'APA91bHBS1tjf1oSGyE6p3CibeG7PPKuTo5S6VyDVQtJO0uHdhudIo1l4YKe8KfOZsPpkU7dDASdWgchFHko4JcOxOHs3anPhi8NeydgoRd8oaxSYsSXJK1ifq_XEssJi5tXppyIMJgJI4wtR4dWduFryFy1AfQZ6w',0,'NIT'),(67,'2015-11-18','45.55.55.60','2015-11-18 21:42:22',69,'APA91bHIa8w2qxejRYK9gTLxJhR5g_ws8xoKm5dsW63SGoXlFLZvjwf8ANCem9jWOsVFjEoqU4WBI-PrS2hs994ymBD-J-uPbsXqTZ-VGTEJtIxNGbCEycihYWFl_swLBhvB7fUEGAR9D-L6t5-sPktGKzkxmMkhjQ',0,'NIT'),(68,'2015-11-18','14.139.185.114','2015-11-18 21:52:06',70,'APA91bH8pU_0-5DNTbO2NoFYUeIMVkrsLx4UEIGtCxAJCYLXbkQDZe8AYudRECzNUV7huq1imAyRgZGIK1J6fELqCf-aD7PDX3Gb4sStlyG_uLzA02mg-OmjLhQbHpjU0AwMFqoGi9WLCulTsXy1scdhwYHuOpa3sQ',0,'NIT'),(69,'2015-11-18','128.199.243.212','2015-11-18 22:07:09',71,'APA91bGSWaI42BzTdCWmHyj11H2IGgB9EiW-1GhYwNpuTiDP-YCuCh3BXVLDepxDr5TdKG0rGXGIRSH3wWj8uH2dYtLmEr7GsIdYr9I_hcjbJQ6P5yEjip71IIHaQwNyaeEUk8LeP6E4mF0TOKQJXoMvxcE3tDNXlw',0,'NIT'),(70,'2015-11-20','172.30.141.203','2015-11-18 22:07:53',72,'APA91bFd2VsBgJBmoOV-rGtn6WwQXwU_JubRRaNZPHLhkQkigV-hGXX1pe_gwOMYn16GXWupYiO-t2uiScil7q4jpeNtD7d3dR8-HiO0z2kMrLqtHl5-QKneWYnlJMYTP3Ag3Koo_79744Ks8ka-GW_jRGh7HSBKfQ',0,'NIT'),(71,'2015-11-18','188.166.250.69','2015-11-18 22:21:59',73,'APA91bE07bpsgKOflXYA4XvUU7UxfnAK0j-y85TRZt7S3w0_ZOpKg29Y24TJNFXqrf_s6Gb5GOEJBqDHyBYXwEvDcxRvLz_qENDHlsI0zLH_TkXhF25UllRgR4xFzc7dJuqeD1FCY5zu_zSevVQ4Qu3w2k5pudUROA',0,'NIT'),(72,'2015-11-18','180.151.120.38','2015-11-18 22:22:55',74,'APA91bHrI1VeXuXNh9Cb6tLF8ppGByYfzoMfZZsIi9yNuUJiNureUoFt-1fo8SnavYDLDu_SnuQcmLQHc0IIABSZBGfnV59A8sILEw7R-hXum9cQ-xFo6hYfek9Z185Z98YNcurUAl54MMy1_5f9LV5DHiWa2Mxeig',0,'NIT'),(73,'2015-11-20','139.162.193.142','2015-11-20 09:36:01',75,'APA91bHJ_Pc7i4NlCp2JKh9BH1jan7HEyEHxLV9MWXtVGEr8fUipax9AmzYYEf2hlj_GdPnUY9HgLK0Zs9ktogdes0bMIg4glTXesZVXy3rjoNzQnNbnWW5pR1GpYnXiYgCKxcO5vISaAUlLvvdH8x5U1oXYpedktw',0,'NIT'),(74,'2015-11-20','1.39.63.200','2015-11-20 10:55:32',76,'APA91bGH6sGtowwbk1Ybi7WYjDu5RneD1qxX-AEP-GWDgfqj-NwNG6hDhJoTR4-idwN3wwdZxUy-kjahPEE-BxLME2m4nOhW72-B20ru4wNDYDlUsizmeQ_Mdgmzh2AGByBGpy2UpnuW6zH7A6P9H3ggTxF3X_dsnA',0,'NIT'),(75,'2015-11-20','213.171.197.143','2015-11-20 13:17:28',77,'APA91bFVKCvhW6Ehs-HeO5VQKIJkzMgwAmVIK2kAm01FtyaXbvuz-IH5tRKztK4w_rwvKH8Rl6amZHlnKMBC8UZOhZLknruXsmOLZvVKUkTTZHSqFEH_rzlkJ68EHNSQGGDla9pJ69Au8lrB7B94iadoWu-vZFFrBA',0,'NIT'),(76,'2015-11-20','106.220.194.9','2015-11-20 19:20:50',78,'test12345',0,'NIT'),(77,'2015-11-20','49.200.33.137','2015-11-20 20:30:37',79,'APA91bGaRU68W26huDU8I_NwTo7Eu56rKSiWLJ9jzE8sFO5i0bsNnVq4fDWnZP7nmcRBIP3_LuGKzC-1IcJLOLQiINfRUHJpar8BoOkn6WVfemV6qnFM6xKRo_tVfVg9vkCGifI4ZJIPSgT7-vu236x8p96MYG4CCg',0,'NIT'),(78,'2015-11-20','172.30.126.220','2015-11-20 20:32:39',80,'APA91bE9rgrG4dMGZCrL1_tPGQcDIY09MxlhJ5gTSdDS5tmaBVTlmwKGbq63rQw_Oa-jNS9vGyxjv3Pj5Z01TofVTtEoDqErRSzbQqL61qXT-TElX1l5h6XxHiKcR1T6gR1lFDelj299lFEgvq-nmqxce0U6zQVDag',0,'NIT'),(79,'2015-11-20','1.39.62.28','2015-11-20 20:36:49',81,'test12345',0,'NIT'),(80,'2015-11-20','172.30.100.206','2015-11-20 21:17:11',82,'APA91bH-bo-CZ0xItUByyZvTq-87ml37RQBo5d0thn9MDcFZbQfQUpbPN6BsdlcoVyOyKIkrkCGXwENFwzF-WXp4_5-a151L3hBTkoSly3YrW1v6csI_GIZGP6BC6k1jZnX4qDFOM_l8XCYJIpe2qDCPBxMzD42nEA',0,'NIT'),(81,'2015-11-20','103.245.198.58','2015-11-20 21:17:26',83,'test12345',0,'NIT'),(82,'2015-11-20','172.30.128.48','2015-11-20 22:16:05',84,'APA91bHPZhepXd3Bc3lzEVCttyz6XqGdTCIFzfQ88KesR6Obruj42TzMqbGQphCrsoXv1FrQe4HXJBLyifmQFbPRA-aYd0tzXlGqvTy5_l0QmdeF9F2wTbM5BtZm5ri06dodSNE-nwnbL8_yK2MPJKfkkTsAsmN0Qg',0,'NIT'),(83,'2015-11-20','172.30.120.160','2015-11-20 22:57:37',85,'APA91bH1qpRdIVnblyFIxhyJ8wrkC_gT9Bsr-De_Mn0SNSXTwaih1RItrb02AK6CKyVawzZ1GnXuWjDDbdbuyfYjIB5qE93Q0fL3J-Pf2CRQZWNf82dW4QFNabfs3S8R25tvqbdt92Ubmeu-B402qJoSxDNylulRbQ',0,'NIT'),(84,'2015-11-20','49.15.88.109','2015-11-20 23:20:43',86,'APA91bFpwIJtvQMLePhMxmRljS1MOejD0ZzQDPYC2fiCYCNGNuzTdPUK2EJmXBdgNt5WHUU8nlYEs_c4qhJApzuFNEM-xvPIlDR39S8mU5KBEE2v2gzDQlyJeQAwRXAs0DeZ3o82jN8OwC9cGopET6CxGI0r_KErzg',0,'NIT'),(85,'2015-11-25','203.217.145.139','2015-11-20 23:29:01',87,'APA91bEkbFrt2zgx6Dki68ONmWtvxZ1SduKMk9EpxZGdbnshIw7qgAIpclGqNLzUaqtY4wo1BN_j-KlsWkKnLmUO6jmAl9jzcZSegfw8z13ID9Poglvcq0huIAt-QlMtXGuPnfLZT4SLb-n3JzINV11HDzxHrlq7bg',0,'NIT'),(86,'2015-11-20','27.97.124.150','2015-11-20 23:57:17',88,'APA91bEi_1WQ_O6PSCov7GcGoq4necDR91tP3MPqKv19_Vdm6PraziqxdPDjzzBtNa5KiOAQ8UKYXg2hIlRwURWH1UVFF4M_EoQEpJ8S4aQLUilzB4vdsqg7U0YmN6OLULSj6swKUbuOsU-r6qRH2RxZ_W_3GWL0NA',0,'NIT'),(87,'2015-11-21','117.219.192.255','2015-11-21 00:08:21',89,'test12345',0,'NIT'),(88,'2015-11-21','106.220.147.186','2015-11-21 00:16:36',90,'APA91bGBnSkNxMTezreqg7Ie5fPU24OLtap5E431QYhY0gwgvsJPJWLba_61lKDERu8au6WTk-b7XdTPGvtfs3m0zFwdn7otOeXWzdHaRntBq-2xrjhu-MkUFxZELKugNDgfrRvKYslO0YMC8UxCgP1PuEHDTC-frA',0,'NIT'),(89,'2015-11-21','106.220.33.123','2015-11-21 00:26:12',91,'APA91bGcMUz_Sow5X9OT_csO_x65GQfjL0VBFlsO5yzuQ0RNlEz5Ju26v_FkwBeNPQoJBUDM0L2qE_YvU_shraK-XUAFv5z741nibZ3T_gjH4V8AukMRbnU2b6IObNcuqw5O4MEnDqeLUNMva-DF7P255V08Ybq0-w',0,'NIT'),(90,'2015-11-21','106.220.243.250','2015-11-21 00:26:29',92,'APA91bGKsLpIq-Q5BxpF3zXACZX_lzBtiJccfxkJpr013dcltTBMqyc7s5LtvutoteE-fUdlukCJCdh_OWGD8IXl8kKHeSJiUasyMSjF8cTf9jPHSaMDm5Q8jq6WA9CQnzTGT9dx9VXMWSO29LDaC_5fJ3LCOIljrg',0,'NIT'),(91,'2015-11-21','172.30.103.210','2015-11-21 00:35:08',93,'APA91bHUQiWODH4uVrbhGugA3xStmiJ_DoF2MOzFwldAoSS-6D28cgZd6VyWdvdcmAo5kdS_Sf7si8J7Vs1R8G1OyUsv8-s56ZIJO1IqSTRyuWVlzRakujcyTZUIT89BNquFml1KCZkVJLn3rOgX0JDWltU270hgxw',0,'NIT'),(92,'2015-11-21','198.58.123.10','2015-11-21 02:39:35',94,'test12345',0,'NIT'),(93,'2015-11-21','117.235.43.9','2015-11-21 04:07:01',95,'test12345',0,'NIT'),(94,'2015-11-21','85.159.211.56','2015-11-21 09:38:59',96,'test12345',0,'NIT'),(95,'2015-11-21','117.209.221.68','2015-11-21 09:46:35',97,'test12345',0,'NIT'),(96,'2015-11-21','45.33.67.210','2015-11-21 10:20:09',98,'test12345',0,'NIT'),(97,'2015-11-21','77.68.40.184','2015-11-21 10:21:53',99,'test12345',0,'NIT'),(98,'2015-11-21','128.199.113.36','2015-11-21 11:58:49',100,'test12345',0,'NIT'),(99,'2015-11-21','178.62.125.217','2015-11-21 12:21:27',101,'test12345',0,'NIT'),(100,'2015-11-21','117.233.251.71','2015-11-21 12:32:02',102,'APA91bHpXTEPQ9cKc_Y7CO7t5P7X6KJ0NBAN0mQvumM0NNwyd2JuY8o8n3cdlz03wZeElNOc3JnmllFE7YgVxWORF1yeLFIPwytfP0ZESOYw7HrhJqC-qduQN5-5U21bDNso3Hpx8XPE06bCePXmcxVsNFPmsbrMJw',0,'NIT'),(101,'2015-11-21','172.30.102.120','2015-11-21 13:03:34',103,'APA91bE7IClwIo8_WKraSWLBiG6SMziat5ih0bsa35aDsTvgC3l2Ah-VzJFSV_E75CEBIP6ozO0OzgcOq8IHt_lh3Un7PM2fwzpe3tfHNFcpFh3bK1vRW_YwW4BOOfMu2a1XkKl7pa0_VxGeWfDkpOeA6zwGGaNBnA',0,'NIT'),(102,'2015-11-21','128.199.233.32','2015-11-21 13:45:10',104,'APA91bH_CM8Es6BIbMfeIqNAiymZ5rsLG2way2xkR9_Pgh0fkIEXvdN5M-WyrNSbXYXn5BeaSZP1SgYO7skdsz5wGwime4ihG0IismHLhmqICGS5qkj3FqDANyCudhs_VfVuLL31tIuFVhbogZJHlbznj1rFL4SgEg',0,'NIT'),(103,'2015-11-21','1.39.14.36','2015-11-21 14:13:38',105,'test12345',0,'NIT'),(104,'2015-11-21','91.140.210.162','2015-11-21 14:24:55',106,'APA91bH6DQLns5HUGhZW0MhF4QzBcLOkkZC1KS8Eh1eu6s69ynv_dSbxHejy2KOCCeY1ubab_85EGW5nLgG4Wyxa83X3vDyi0xtNrQeBtfsscIFl_mzIjzNNOqwwY2jffqd39MTxV1aDV_RmZxUTiUw_JhgxKwkJSw',0,'NIT'),(105,'2015-11-21','106.220.21.72','2015-11-21 14:36:11',107,'test12345',0,'NIT'),(106,'2015-11-21','119.235.49.42','2015-11-21 14:49:52',108,'test12345',0,'NIT'),(107,'2015-11-21','183.82.203.13','2015-11-21 15:20:56',109,'APA91bEAUWXutr6_VvxCfyfJvRSWZgv80NSb1HJldTe7VMmrbCc7xHyM085QSGPOxzkwjUqPzfaq9bvC1FJE1MRb77KnFdOtj5wykjBdJ-e-YKNoOMRz58SKSaOVhhvgtD18CrDy4PJLtL8ZayqD8TiNIlvMlcRMBQ',0,'NIT'),(108,'2015-11-21','1.39.60.152','2015-11-21 15:29:57',110,'APA91bGipRuRhzXkU7kvJXkPzeeztLwm09yohQsQGQx2kH1jK2LY4pYW0mVz_Jobaj1Ij1QP0Zqk8q0t8a_JQETphcX01qeAsIrOQ8hSxW7ys7o2hNsFYbhpzZok-HZH-qjwQTKGKyOzD_2BOqCrxFsW-34rpdXgVg',0,'NIT'),(109,'2015-11-21','172.30.101.229','2015-11-21 15:41:52',111,'APA91bFIhAKVlRTcY_Po49CFf1JYKk4ZmIKTHJsbcqv7edeBSuIxcfZ09LzltvrRt9uTiVDyIbG5V15-sOLUqd_yW8Xq-rIOXBTiDVw7LWJ9xbZGXZxTi65EqpYxDL3ZkzGEoBZDVi-OPt84kNIlOWWI7NFRmcfwtg',0,'NIT'),(110,'2015-11-21','183.82.142.70','2015-11-21 15:51:13',112,'test12345',0,'NIT'),(111,'2015-11-21','106.220.112.224','2015-11-21 17:35:46',113,'APA91bHp_WDTo-ib64oZ_qo9eguaOQfvu8H_faJer93CjgE0yNEfHnmoyc84PV0aYSN96SHEYXoeovmrPoCZ1dqqhbBxNuc0catCZT0aPFONzh99GqeT7s2XYMIJ7p3C908EZlQKV1SB3hBAg6S5-SeE8g0SEKYCMA',0,'NIT'),(112,'2015-11-21','46.101.253.171','2015-11-21 18:38:52',114,'test12345',0,'NIT'),(113,'2015-11-21','106.220.208.24','2015-11-21 18:52:11',115,'test12345',0,'NIT'),(114,'2015-11-21','178.62.34.126','2015-11-21 18:53:37',116,'test12345',0,'NIT'),(115,'2015-11-21','88.208.221.254','2015-11-21 19:09:02',117,'APA91bEh35bNP6FTAsd5lSgvflDfny8jza8s_E4SsfAgvqhpagU6sTR3LVYhWCIWNHUCvZzd2IDhEyY3CvrQf96MddPIGfLSNU0iLHtTFrgjc-T7-MdmF5zEnvZKkbbCS5OuzQAn4nFAuS014fPlYoeKjIA8xvRkDw',0,'NIT'),(116,'2015-11-21','106.220.41.30','2015-11-21 22:33:14',118,'APA91bEo_MLdG43rrDFSaCk-WbpxFG5TmTFTanHnCyELSr4a8YfSiZeUzBuAQW_bMl6mkRWkggHfon0JdBAlgbO_Jg08345d9uhZKeLVg4rY4YppXZ8_Mpgx0SCntbdk5PcKX6dBeVOb-lpT5e64Wuz4DzhshO2k0w',0,'NIT'),(117,'2015-11-21','122.170.166.57','2015-11-21 22:51:33',119,'APA91bFpV0I1n_DIGDAECpjR5Oy-P9UCTQ8uWJ8jzgblO9Fsnn7owXMNbSMM1Jh-dz3Lb4ola2XXaMGS_c0PBN6NPTb0WRhtM3qbXrKZX-lsyKwgqOVHWebZBoUOsv2Xy0OfnttsUi3K4wurYh6AuuAriqg-B6ingg',0,'NIT'),(118,'2015-11-22','77.68.40.191','2015-11-22 01:10:47',120,'APA91bELRUzVt4vIMsiS6crpANdKacFcKctcVFqQpu49bcxaI6dkZVCEytynTRLCYSwIYhhWn3ZRYlAoDlz9-ASQeJhaTB2w_32eteWj333UIitrli5OIHWPvCzsteaQ2ooWLv2p4c4kWBWoaRcQtpCDFUZkULVLLA',0,'NIT'),(119,'2015-11-22','172.30.126.32','2015-11-22 02:53:05',121,'APA91bE1MWb5CiFZkrWD81T8sMhb0EzqrXZ3KfbmLBzjKNTZ03CcHO9YnQqAoVHzVSzq_0y-I1m3kR7Wup-FhJWJ_oVZt3M_TZA8vzRbTcwuWWEHV-cyQyJqZp6usLVXV-3NLeKBZVyNZlG-60FC2bH1QKuM2ZLZ8A',0,'NIT'),(120,'2015-11-22','49.205.86.110','2015-11-22 03:05:34',122,'test12345',0,'NIT'),(121,'2015-11-22','175.138.233.48','2015-11-22 07:00:11',123,'APA91bGX3vBc8yOts4-cLsqIUV3zg_wyiU-5Y3Xfe7fgqGTfSoZjzw9AGI2zlQcEH5K4WS4rKetC9GZgMDFEUgpDNn_dAATorf7rhBmxjf3VJumSuskcHYt5bHHxCOgj2yGs20nk5FI_6kNKW0KKwBUCf_U5NQi0qw',0,'NIT'),(122,'2015-11-22','101.211.72.74','2015-11-22 11:16:52',124,'APA91bHAA262zeZhwrCx_TAB_83kFJiEo-jBxIKSxOp4zxC6RVsmFaeaXZiERV-2_tt1-LsjUIpsLOKptfIbocR2z5il_TujsTSmRtavAW0rySUkHuXH3wj0kaNkUfzA3Tz0sj_RVY2Hxn7kKeELi92cTEzDRuCcDA',0,'NIT'),(123,'2015-11-22','213.171.207.39','2015-11-22 13:08:05',127,'APA91bFmofrlr0OlOrpVBKIMfWBB2aNecKNIVTkl49N_CseTuyEWZY1j3gVtIk3Sjlwnebqz2nyMzd8xXj-Y9YhperV3Mrf58yidMv8ZVrMF9uN99Wlg6y40RZhfH6TnaZWWRE1AE2hzW87D5-SQib1LCA3SbMTHrw',0,'NIT'),(124,'2015-11-22','106.220.135.155','2015-11-22 13:11:41',128,'APA91bFOgeCFedm5VpA5l_Kc7l2AErWatfmZkCXb_OtjiUb7MC4ioMeu3SPGj3mzQmGdwvdm--EzZNxXrEFpudmdmZZhNxCpvV8a0oZSJVAAdNV4r2WanLhEsDoDxU74bmf69OcwJdy2OP8N2iFFoTvzrlng4jzXIQ',0,'NIT'),(125,'2015-11-22','106.220.176.135','2015-11-22 14:19:38',129,'test12345',0,'NIT'),(126,'2015-11-22','1.39.63.108','2015-11-22 14:33:23',130,'APA91bGWLbUoRbBx5nedtpEnnqBE8Wujxfhi4hHoxDPFomynz6lEOVSgfTmvrAfAglnrTcpANAXXRUJfo0lBdZm_2BZ1GcWHYOw-mb7VXtDAY7ZLqJYLh9t8PRg_X8EdE6A1t0UupYGCmWzArmHnIjImTBx8IwOS5g',0,'NIT'),(127,'2015-11-22','128.199.128.202','2015-11-22 16:01:19',131,'APA91bG77C6d45scRMB9LRDESGepACK-Q5jQ93QGOBrGZce19kVH1b8dHC-aputtm2F4-GjKLON2le8FMBMPAjDbPHMAnqieTvsl7FU9oUjSCWI36V56LORgalTN4bJB9iEm9r2bJzFxdI5ObEc4IzpbScobQ45MGg',0,'NIT'),(128,'2015-11-22','45.55.227.34','2015-11-22 17:41:33',132,'test12345',0,'NIT'),(129,'2015-11-22','49.207.122.15','2015-11-22 17:49:43',133,'APA91bF6IxwUC9hO0jE98Pjk8yxREc6W_eEwGxojaGUdl6EVpO23ikEG2sWWjTm7t9nS-VDvCPrJm-q3fQMEn6mXp6yllg2PhFvMYLQ0-hZJmrQU2kqsLq9NuCL43a-LMI35lIOKaSqDJjJd-AptomBcSbhu9UTe6Q',0,'NIT'),(130,'2015-11-22','103.25.14.234','2015-11-22 18:29:41',134,'APA91bHEjXzcJYRZEbx_uLdxYCXT8qRCpKnz2oDwZzb8zrGHjwHXbnRgHT_bY-oBl9Bwv2hFkbAhLMXLOQnkbhujLc8Nyvt5TKz2Q9MhjVpMfa7ZSXo9xiMy3KIFEwgKe4AKQyuHAtrWivL9lswK_WUCzInOsJJbnQ',0,'NIT'),(131,'2015-11-22','212.71.244.61','2015-11-22 22:11:18',135,'APA91bEy_WmwPzdpNJHzssyB4e7DLSvyKtOXLQT40ZVVBB99BIeGnBirLl1qn8xDouMqBU6U6RRcJ91DG5MIWXLQErfysP7tldSSoSO_d-kc80JQXlR-RMO5LzL7q-rD7-7ELN1ew3VUx9cggdsspfp_lXKvU9dRHQ',0,'NIT'),(132,'2015-11-22','106.220.180.129','2015-11-22 23:11:21',136,'test12345',0,'NIT'),(133,'2015-11-22','103.16.69.131','2015-11-22 23:24:22',137,'APA91bGU3gfSJTPh2JKpaFlPyKC1W928KTQ7WojZiD0QVSkSyqcBcp1_cZUIcoIyaDKvjUqzuP0zTP-jTWKKkS2UOMKKT1ZOxhXIb0rJZaSibNGAqdG_KrSbYnFRAPjH5uhx3rxopnkxAnstagU3DEQWHCCYrQMXyQ',0,'NIT'),(134,'2015-11-22','172.30.103.148','2015-11-22 23:46:24',138,'APA91bHoDxVPDk8bjzp8Xp1KiBFKfOZyuEKIjQuoxoxpFFvcyaf7jQP8pq539vxAHSw1gENK3gEcbB0MHFLG8hmvFSxMIE-6Vmmax98eMvpfginCPe4h-11LRLaKagbwhLoYKEpRkXT3oIkvHG9vcCty8Uu-1Ks-4A',0,'NIT'),(135,'2015-11-22','172.30.126.220','2015-11-22 23:50:57',139,'APA91bHKG_Jqozu-ADNbkoiC0NLVOeplcM-XpBP1qgjtYk8vCnXbqjtgSAhjqVQuJya4NRW7kSzQTobze7F6arTzSp3k6tmuPzuQ5wFmLUqULfxMbeZg2dvW4xRUNA_9IzpjhQaMkYd4UPO5DmdZOVbDK3LI7wtpJQ',0,'NIT'),(136,'2015-11-23','128.199.173.24','2015-11-23 00:21:13',140,'APA91bHwetKlBtlyZLmsfX0Xa0SDHzSDy4b9TqQtd_B_Wjq7LuiHDa-sE6P1XOVNWMeqQ66krsmek44Vx-OLEFZgDruuu3DO9YnE1rALH3FWAD36SN1w5ev0i-X2cQxaZ0P0guhffh5Z0FSV0AD22zGMspESADG7wA',0,'NIT'),(137,'2015-11-23','128.199.236.89','2015-11-23 00:35:21',141,'APA91bEfsIPGQwD4eb9sUV-yNRAk8LKgFm-Dv7Ki4QNzY07NqmUzXeTEZ8UwpzqGnlpCl9zcLiCucYEr6ite9NQCfKpdqcezglshRwZ9RVsmMzwiUOLpGo7obxJKoz2hbuoNpVRIAknRKXmgvfpG4Y_pJXqYrcgqLQ',0,'NIT'),(138,'2015-11-23','82.196.0.83','2015-11-23 00:47:41',142,'APA91bFDk2_5eFqbECEFRaAVpswOnvrCMuszhFmQXdWaYu0f-RdPvctWPpZ4blJkMJSxE-4qHNbVzwrXpgJmceQPdw0j0sGzf8X10Xef6Tk-Yk-6Jq3EJl-5DAvHAOLk-Q3NSce8YY8NFZUhaL0ySMsD9MVkNoanGQ',0,'NIT'),(139,'2015-11-23','151.236.216.224','2015-11-23 00:51:24',143,'APA91bE8Vo1Yf_xd8ACOQcOu4Nc5h8JBWna3FAGmgLB2ZTGzSROuJF6pqou2_jiGEpJWgsCY1KMqdnOq6vSsLkF50QhZmJitL_apu_chKnhUfTm0Q39hHnJVnARtgi4tQJZBg3-SiJJHbqNjExOm1gM2KzJWJDYVog',0,'NIT'),(140,'2015-11-23','178.62.101.138','2015-11-23 01:14:03',148,'APA91bF-_rumijjgnVX0Oa_mKC2_kz3iXDmjXSnhSz99Vm8EcwqUnsZvHDoSHUGG4Y7F9hm9yLYtwFOkCZ4nQOZo2IZh2CgAyAnuMbBOlMu50ehW6JuluOhjCJbDpSxAkvxUtdePyLePJDY-MrtCmj-MJL6l9kXhww',0,'NIT'),(141,'2015-11-23','106.220.41.255','2015-11-23 10:04:01',149,'APA91bFj05fbGl_8V_gEvoOg7MJMa_zHPraPHzT-PTh9tlJAbA6COyV8OpF-Yk0EDNBzb-7JHLtZOYKWpeLMmwkyQ2ZnmcezRwe_C90PA4M4T76kZLEQDs1z2tidvWB4Oxf-qrVQPjPCP2CCc7CH8-UZ47hdIzpRBQ',0,'NIT'),(142,'2015-11-23','172.30.127.159','2015-11-23 11:35:06',150,'APA91bEFaEhol_YAUZEB5DJwoR-qn_16WjCwSJGGtLb-FQBL16BAZLB2RVutuvFiniX2KvAgaOy6ZMEa_3E7OUk4pupaaL6m9ln8U1Ut7fyhLpw68vjS-8d09HC27yPJ4JXvLfSXNCBh0OnrgPDgzoR4uu4UHhLbkw',0,'NIT'),(143,'2015-11-23','172.30.103.6','2015-11-23 12:40:50',151,'APA91bFGFuvHrXej9QfCLhgE7JCI0GFscVPELmkE62Oz1ecAqTXiSLJ5gZ-vlzCysyGDf8pHClcr0PGxVuaD0aLujH3zryrTCZo9zU1H80bWN4-9rPCMzRBtZ_PosjcG7Ajj2drMVT8RXjx3ihGDSPYQZ7V4g7S5rA',0,'NIT'),(144,'2015-11-23','45.79.157.110','2015-11-23 13:30:01',152,'APA91bFUKCN-SF8AaBVu88gTCD5-R7sqQ8-h-AVLUCF-wkrNPU760cAvStvZpCZPGC25p3TDfmncjJoWkpSqV6-SjnL-k7cr9RZBClT9O50awF_Uqpfb3EQ2vrelY84f1RKJWTT9RpJucR2E3jIJcEaPV-yQeBhAlA',0,'NIT'),(145,'2015-11-23','106.76.252.169','2015-11-23 14:12:16',153,'test12345',0,'NIT'),(146,'2015-11-23','106.220.38.84','2015-11-23 16:46:21',154,'test12345',0,'NIT'),(147,'2015-11-23','49.139.128.177','2015-11-23 17:16:37',155,'test12345',0,'NIT'),(148,'2015-11-23','109.228.19.160','2015-11-23 18:31:42',156,'APA91bHtd5VWEDaUiy1wkrR0VHxl3u0cAIPfvAmrG6Urnwi_0Q98z8sfVIO_Apz4ZrbVkCoigDvW6AI83wVLZv437JdZJ4aOBMw9zv5psyCCtbQ79Ct1cTCh34QKJLJB8PVHwRQnPGgiN_gydbu1GBFuSuJPduBE-g',0,'NIT'),(149,'2015-11-23','109.228.19.93','2015-11-23 18:41:01',157,'APA91bGTSXXurbrUfQsda-MlQQeRdosr_etGyoGXpN3c-XbBj7AW9zN8DVNQ4I9dM0hvaBCUcwZ-yG8CTMWc8mGZm5HtYyxrt9eBzyltOoW-f0XRpT8ir6QGZUguISOg1fMcrKOGt42jD0C3UNlUr1ocuglPCC1WKA',0,'NIT'),(150,'2015-11-23','88.208.221.47','2015-11-23 19:03:23',158,'APA91bH4mVl_68u_WboDXNXlAUzFSLl-0Vtm3n4SJNzJMHRwRcBgPkX2-7Oz6MVO42K5zrh5ZBuZ0hAVFqrxQyRksb5Od_A3H-ToPcLjcxbI8BSXK_ZE7OfPlGH7T9Eyfs7yj5LIhb7Fx4HedWQ9mhGurIc2YWNSiw',0,'NIT'),(151,'2015-11-23','218.248.13.210','2015-11-23 19:09:12',159,'APA91bFYNIk76XPBWR67TKsJq7VbSkzn0HhRbVNA87v8Cbdvxcsrbty2OgQFBQRBaTbfDAA0RypSKb0shLSQ-y3rkILlnHIAODQOSDqEYqUCrE2fmNsodHqZZLiQ5zuYpfg6rGQsNe6-Vstqisr6r4Wpd4ystbBu5w',0,'NIT'),(152,'2015-11-23','172.30.121.176','2015-11-23 20:15:56',160,'test12345',0,'NIT'),(153,'2015-11-23','49.15.83.12','2015-11-23 21:09:16',161,'test12345',0,'NIT'),(154,'2015-11-23','172.30.104.88','2015-11-23 21:27:21',162,'APA91bE_mfDH5agdVExhXl0-zsipAd-I_6fE_xrnSPK0OIObNiaCKv1OvIkS2XlQxE04kKCqyYWykjYnCLJmyrlC7N_8w8uY9Y9ucRDJR_R90qIZC6NfyMO46c0FtN7uZs8LmxqRw8cqk51mgZoBFGYQjynWnXJ1rA',0,'NIT'),(155,'2015-11-24','213.171.220.217','2015-11-24 01:47:14',163,'test12345',0,'NIT'),(156,'2015-11-24','103.245.199.250','2015-11-24 08:16:34',164,'APA91bHfrGmsdxhjTKNnH-zDCW9fiqkKOLfNlftUC_w_0E3oGEPDlTd089s62fUlKm6yx3vxYs7LTH4Vude0rgBblQZ3c3ls3AIvqxki02Cd_hsJ2sjLygtNd0XagxEPbpOVHEdtsbMgHN-dXxJnOZOfQaKcL4Stzg',0,'NIT'),(157,'2015-11-24','106.220.176.137','2015-11-24 12:52:01',165,'APA91bG3i5vVYb4Z2_kG5_KbNwCxtU4up3M7bCamByuyLPal5D8b_j5Myj5R6O9vFpaWDl3UI3nD3JVLNykRQUaXCsMLmSbXG470LM3TDuNNsU4BkLoFfOIli3zoY5KQ8UxbYGqpthIFL_It1NdoJHVCUdE09xSocA',0,'NIT'),(158,'2015-11-24','172.30.102.77','2015-11-24 14:09:49',166,'APA91bF7DZBuc1g9BAM3BFyITHd4pbuRh9pp_1LB3xLSm4GZbk803uX7iO3-eDPnYMaZpZMITs1QanMROKvqsYF0PJhbB5A4U76LxcV-SaBzByiCSHkmWLzU8qjk5UpLIN6waZbPrMtOxBi6UUlj0qis6uSEHF_fEw',0,'NIT'),(159,'2015-11-24','128.199.183.37','2015-11-24 15:02:24',168,'APA91bHtn_H_EYv9nxR5F3ZBY-ToDYUrFIPOwi3CKoEvFN_FMasg2irT1-FTXFPegSRjZH6MkZXO76MuGlPo8YGTamwt-W-t6my9Su4w6Lk-qTiKFfsk8TC9dD7vF2hE5mxhCKjO6T5h_Gx804r93kaojWEO_GTdHA',0,'NIT'),(160,'2015-11-24','213.171.197.182','2015-11-24 16:28:45',172,'test12345',0,'NIT'),(161,'2015-11-24','77.68.40.44','2015-11-24 20:13:37',175,'APA91bEPlo30mBxL-9r7EqufaxitdUegskeIpVUv2N2Hju0P8-MhDtbxi_haX7mMqKq55P7NR3jvFIUZdDE0PjyoEsmI4jXaGtIkSQqPbqzFfxnVxrEsS3705jIbPXXB48ytGd_GfbQX6exvhUk5FzqMBVWVIMYHXA',0,'NIT'),(162,'2015-11-24','106.220.189.120','2015-11-24 20:48:35',176,'APA91bGSkV7k6ONoZv4R6ZvEN7k70j9jCmA3-tN5uihEVmp8Tsmu-6LkO4_x_cGSA1x-SbNd6_LK4DPQB8Y2IoHhJPDNkxMXs6DazmSYqpWJ1L-qdp_k0qJrcqhNQp2vmG1ALpJrvLuk-cG6_LrJzthsCtsLSqpCgA',0,'NIT'),(163,'2015-11-25','78.21.235.113','2015-11-25 03:03:38',177,'APA91bGuJQ6LJeU9FH3t6cXD0b-hqGzmGaiTlVQq0pPtROhLJqLbdGmZR04vg9fyfn2TqElV3wbj_hTy6XHV90uCfaxFPO8wKj77_0d3c97_5-MtzjOuvqUTenwE3XzH8wXalbYnRJVhasiq4Lq-DpcY_vmQCZVwNg',0,'NIT'),(164,'2015-11-25','106.186.23.229','2015-11-25 11:26:05',178,'APA91bGMRgctayH98VgV1bdQbcjmBu-E3RJ7FN5g3wGVRxG1EtDlfbUWognOx5XehnNvKewgAPd9fzo0fi5LILhGT7gYr3VlagS225lEyqrvltYFF8tijbCYcJZZUH4epR9ttyuccUU4phObsKqJ2r0RFvsSIkzK-g',0,'NIT'),(165,'2015-11-25','213.171.220.217','2015-11-25 18:09:04',180,'APA91bHRC1pCpCk27FgjsHMXavKIg5G-IQ4Wf9giFulWP2ZVe7OypfWtyhNKwMDm3zAdPntsHKAjMZeGm7urbp9T0--fmBQosiCiUKV_mcIbWkqc-80wTo7JEizdnhApb9TAjIsUMoNubC84z-hrx98ZxVO7bdUt2A',0,'NIT'),(166,'2015-11-25','46.101.49.130','2015-11-25 19:57:57',181,'test12345',0,'NIT'),(167,'2015-11-25','103.17.158.167','2015-11-25 22:26:08',182,'APA91bGrufjnt4JIOIQm8NpaEaV5f24Yl3rN04TNfQTEai20YzH5jGu40Jlhi6k6HzJTKPntxWuW1fDj9y_VCtRYEbn9gRMw85gcjYSWNmLizGMTNzAiqNYG7uL8t9e7sfaFofFrDsUu1YwZvjXpM21UcVJalP19VA',0,'NIT'),(168,'2015-11-25','106.220.3.41','2015-11-25 22:49:19',183,'APA91bE38MzELbTAxHuAcC8ivJfwOMyzMYDsxuSs0B4KCRIySj0nfkmOgEZ9n6Nx8semoPSyNBJ_NESz9dT4q_sSOmQOV6gtlPhDeE_7HNoH_FjsDUfRA0FcGIL8DohWe_6hiWKLCkoAi1BAUrgxg95WJ_CKy3L2jg',0,'NIT'),(169,'2015-11-25','178.62.49.110','2015-11-25 22:54:20',184,'APA91bGEiww_UKNGJzvEXRCM3IylWnIVja-svb3zOnYTFWI_GoJdA8nMCWAoAYZXXKuJ_qQDlFNidr01MSVxDtP9pr5vo77r4bmpoDoY-YZpCcaTqLJ8pt0OG8_2L5RKNNUZPLti_fv-BdVJJhw5F9lb_To9kscFuw',0,'NIT'),(170,'2015-11-25','188.166.90.165','2015-11-25 22:56:00',185,'APA91bHbzcvcbVaQxFOuLIZV4XCBxxZHKlAM56chQlqsJz6Qzw8xmrB1KLkv-7Evk2pI5uONDox5jaGAKgPNqGwtGcr0FNPf1J9AS_c91CWnOhKeIsN0Jcgl5-JvQP4zkomyW4Y1VePodeg7qOqyDGC-A-q0wROY4A',0,'NIT'),(171,'2015-11-25','45.79.213.130','2015-11-25 22:57:44',186,'APA91bFVrnbRhQYSLW6VJY9QkTWa1irnt6TUMfYcBW64hYAwleJ_WbDkPZRaFAflCoyeM_NfYrvc4CeTtZz1mPLozpYS2HaGlAC4j129CQw6txK-Xtv9wUgwpbMKnAOEYHh9PPjNp0p0G2pVC8y1EG8eTrdlCpdyzA',0,'NIT'),(172,'2015-11-26','172.30.142.57','2015-11-26 00:10:19',189,'APA91bGXkZZHiPDmDilU7w2XACukI9hjifhhrOwt4FoTgVe-04NedEw0qBXKC3FZucdTd0vNq1wRPSMq9W9Ek88OR8TcOnL3RA2yVahJLxWZn1WTWs7zKj6DASdzE8Xf7ItuJy1ATdsnFqtJo_QMzcED3ecWyNoOcg',0,'NIT'),(173,'2015-11-26','182.65.242.210','2015-11-26 00:35:18',190,'APA91bF86l-IoXefdwSMSrsNNCqGReRkmBHQhEjRtrGeaZJ-SrGIouuz6h7Ep9PZzpmi9AfOCC5i0LC2cpNnh5J1euNdbPczIB2qHopFrPRbKEUNJmG_-esHUGhJj-roRqN3dpjyCXpXitrAwVnL3K3uXMH8eUip8g',0,'NIT'),(174,'2015-11-26','128.199.132.252','2015-11-26 00:35:46',191,'APA91bHCt1rzaDTdCpwTnCZidpOCHjvepYWtZL7jzmdtTrsxcDauv-nCZ1LBNaNd5OlfebEjHTv_JSc4G3eDm5xUwYzWbxZ_awqr9FCzGgsdPvdUERAn9J1kO1-05RtBoJjMVDg_hK1j-hIQTANTwtVJcGf0Ee496Q',0,'NIT'),(175,'2015-11-26','106.185.55.61','2015-11-26 00:36:54',192,'APA91bHU9QLP6UUcbINg_0r9ISs9EMyNVwwG2SgWNtRDEId9embGWQtEE_z3XzuHYzLyGA-Kn3XSBeLhT1Ny-xsLPuYy_uv85CgqhSiP1N6HtqeQQZAKErORJJSboKj4HcL3yfDoTEwG1WkJeSz0oMEfhH6Qg52H2Q',0,'NIT'),(176,'2015-11-26','172.30.122.78','2015-11-26 09:51:42',193,'APA91bHd-JEeydgbBIS9l3PpoXZoaFcMuDBk69X0Ttqn57OJR1WND93seImtDwQUXDPkTLI2duntcjQmSP8S9XsMwCRSSjc-9stu867vYKzGgX1LLku-DPHfOB75NyTxbRuiZZyJEeV8GHSQeYaHglu81jKDnPm-ag',0,'NIT'),(177,'2015-11-26','128.199.236.89','2015-11-26 12:07:31',194,'test12345',0,'NIT'),(178,'2015-11-26','49.15.210.59','2015-11-26 12:45:11',195,'test12345',0,'NIT'),(179,'2015-11-26','106.220.56.63','2015-11-26 15:19:10',204,'test12345',0,'NIT'),(180,'2015-11-26','50.67.80.208','2015-11-26 15:32:40',205,'APA91bF4s0KcBF8op6urz2P5EcQlmRcK9kaRiZJSGrFxLMjyxIBt6kpHGmgmi6DLTXTGWXlw13XridS1a2CM5o64kuTFRIR5majsfYAwJQhCUQOPUDx57T3RAGVpwkFW1dVFQ3rHbbJltObKPgCMjMaABD3f3h8wgQ',0,'NIT'),(181,'2015-11-26','106.76.59.89','2015-11-26 15:43:20',206,'test12345',0,'NIT'),(182,'2015-11-26','45.55.227.34','2015-11-26 17:41:24',207,'APA91bG5_kl5pnI72YZUUpxESA1UQhWLQHR8wEJp2_Ai9XuO4nYTI4BJQ1OPwQt4hqhyrgIzjWW1XhkTXl-adypGR-t_YySJ5K0d3btnwCWOOkdazoGA9zOR3Mtdgr42EFKUA-S7UeOzN4u4FwHCS6ZF7sObmbpMEw',0,'NIT'),(183,'2015-11-26','182.69.130.134','2015-11-26 18:01:29',208,'APA91bH6OVONe7l0voyULnFFZ0dTlx09JGzNT3a_PifGHetBII7Dw8NEcVg_SQJX7M02kG6USv6k6OBIUp5dY2aAfEL1-eC1-wHLSQUD4Vg7hmRD62pPWanK0BYf8GW8hAvBAR23qIJtOW4CcZMAZjZD5pvspZYBEw',0,'NIT'),(184,'2015-11-26','172.30.124.133','2015-11-26 19:11:38',209,'APA91bG4U16UxCImI43OfVRP2DORnAukaYqlw3lWF9RhYZ-9V71ty8OlKF7gCRuPywMSUhcER-6wSne2xD1WBrkM8yeDvTZ1_oLHWIt0cbXmkWacq1nXhw3iFoL4FlOkIqeI0zn84ELn2_GTlFiAF3dLvqsVUzmIFA',0,'NIT'),(185,'2015-11-26','178.62.101.138','2015-11-26 19:32:45',210,'APA91bGbHfJhUd3CIX4mQq80cXQT1kHrUHsCka-Z2gRWTxXxgkHUDNarZcZGzGNt7eS--aTzmgVig-jArnwswEh8ulmJpVNw3KOOB-ZkkAcPHKkR1-WbU36Y8aAbhYdG_tJN2ifNot0kT79ZFd4I7aATJRIiHPcMIw',0,'NIT'),(186,'2015-11-26','172.30.103.177','2015-11-26 21:22:27',211,'APA91bHMksbRK27Xz6CXOzFCCvh4Fg8JTdeoRNjjexV6NUwripiEnq5ggwrCHX_Ilo8J15K9VengCeC5mlRdcN2RyEe8LUSfUBrxhGay6LMXBdPMJZvupptP0_ibbRMcktamocFyqb-vqCvMIN0qji9tlSq2OsUNPQ',0,'NIT'),(187,'2015-11-26','172.30.141.189','2015-11-26 22:21:16',212,'APA91bHQPR5QYyYIyRSkra2LkXYYjPquMQ82vy920x19pSYX0q_LXi8VX1axFS22LmJpAw7QHRFavETWWgz2PGXe8Eoh9RMK4LUmBSuxghzqQDDvWerWnSORx8bhVs3cszpvHNLrSjkklqKBJNNdV7eN5cWnQTcuIQ',0,'NIT'),(188,'2015-11-26','192.241.153.38','2015-11-26 22:33:26',213,'APA91bERFYG3F01qZOvT-Nm21xdXZvnyeJK59VBqW-RZl65SgCHz2nfwfb6lX3cOs3c9DwnabEMi15CybikBHHLrdasIEf9evjHqjpAIfuGLXnr8fS7v9X9uqCDkmsrfCbAewkN37grSxsqbfE85QU4hRfzHjdODaw',0,'NIT'),(189,'2015-11-27','151.236.219.240','2015-11-27 11:32:12',214,'test12345',0,'NIT'),(190,'2015-11-28','128.199.138.35','2015-11-28 11:26:44',215,'APA91bHisbFPgZsNGRDS5IhOShg08WXpb50YQQW01Rpt6p8nL-wpACLITmRFY-6yTQvoZPhmxFvx-MXkPzDOZy0u_s4VTZZAKJxGoB-LcTVvobIX7whhFHq0rgTVQl2O8mWra9HKznAtsoreOnIIS2InmYoYAsioeA',0,'NIT'),(191,'2015-11-28','106.220.166.71','2015-11-28 15:16:23',216,'test12345',0,'NIT'),(192,'2015-11-28','106.76.245.175','2015-11-28 16:39:52',217,'APA91bGHgS5r0igXeaBeQCpjub_ERCduCvDKvVZyWUna-apPQP-I5D2udyiNUnXd1hjcmas7ibpqOrvt2huzOgwHVjdrerDoQPySVtyN3nhMaHbKV_tz5uVLUvCdSpr2xYO2X-bkNYkzumitpUixvXBHu1HeNGUHmw',0,'NIT'),(193,'2015-11-28','1.39.62.181','2015-11-28 23:11:49',218,'APA91bE838odn9qmFOm5LvBe_x3r6YCd60o2vi3OHLX5kNyoBfWOVXiyNBtniF9Xb0oXW-_OlRD9BT0kf1pdTX1t3X2pYJT2zR49oz5rzuvO8Gx34bGqKaOAUAdkr4oRtYMIFoUwIJKR6Rl8HZhgO1q-udbLFmwL7Q',0,'NIT'),(194,'2015-11-29','109.228.19.125','2015-11-29 06:52:40',221,'APA91bGznMUFrvbTz8HUMlpvctwG6unr1mB7lxlw4rQ2L_iuAvwK-GbXhgIZDxXCkoDpSUVRbDbc7btfOu__WnSxqXyZhviDI6pWpsq6TKrMjtfh9JV-sUFZoKIf0zDT2Xnng_74QrKuF1y0o-yKa33Cbdq3dXADHQ',0,'NIT'),(195,'2015-11-30','101.59.209.131','2015-11-30 07:30:02',223,'APA91bH35Gw9fqhHiGeSebEwk0f-4j-bds2fVUMsL629FRov-D6KOp2EUX0Y9w5Cqs7PIdLBaxZlkwfMn56XbBWeTiZA1FYoyYb1Z0vr_K97Y0RcZaKTgWUkBLieCrKpwuwujOa37OpTz_42knRcKPry_nNjeu9NPw',0,'NIT'),(196,'2015-11-30','117.211.252.104','2015-11-30 08:43:25',224,'test12345',0,'NIT'),(197,'2015-11-30','172.30.106.195','2015-11-30 20:39:06',226,'APA91bGamEioYmcRhwp6YEuyU-f4jOfX95OvO6QnNO0ERRp1SeApTT-tDN7ErT4hkfq9zlfFnWgyyqiavRNC6ReuaOhvuhNZQQPTU2EGYC6Sm9wDkS0b4aPX5kYobqNVEZCpRkNBAR7N6zLD5CXOyyMM2SrNorXtKA',0,'NIT'),(198,'2015-11-30','128.199.243.212','2015-11-30 20:39:59',227,'APA91bH55G81c7TGfkoPKsfsZOzfSvpKvEgVh01k8YnM4d33hBt8vSkNoo5OrVLYS75iAtSqHrRNqWkg46yukK-woIK4b17fgdXNER5VuU1NAAy9EB5Sm_2nbM7x2i13SkmEvhLvlASwd7Eee4-BRUH4vMMoE1XsQw',0,'NIT'),(199,'2015-11-30','208.96.136.2','2015-11-30 21:22:23',228,'APA91bF0yXA9BFXCuMhNammJG5ARRxwTBO63HFhcfRHnTpjkBAbPofPkcZt-vGhY_u8zVzoTJ5Yiju1m7h9qwPwNVBYrPZPmIDdzeJQJderzzHsdUqhl0AjzAAfJZ2cBrXSCW_QRlyzKoAy1QLQbXOpF5yerrO4CHg',0,'NIT'),(200,'2015-11-30','208.96.136.2','2015-11-30 21:24:16',229,'APA91bGXLkXQhIBgiTn4BOdqmKUWwyqBXrxq3EZgo_O5aaCdNWYt1XSkEITIPwuDav0rMoSpO5LnDXimlIZ_p5ONJUfaVbH7b-jEwCqpaPUNJjyIKKhTNiBNonBKhJip_abWkCnKEYot0ZhyutrAQUqrM-cuFJAunw',0,'NIT'),(201,'2015-11-30','106.185.55.61','2015-11-30 21:40:25',230,'APA91bHRZVfInXJCcladPrEpA68p6RIqi6wn-6J-7qCb6PpTT9y4vQ0hVp_VlmsR83YffoXufZpI6mm1z0XCgaqNR3EtF34XlY3D8VPQXEubx94HQwfg6Zlbc0sI42IQayYuoqSgSmrDIc6EHzJM0KHfAbMpxLCObQ',0,'NIT'),(202,'2015-11-30','109.74.196.221','2015-11-30 23:10:05',231,'test12345',0,'NIT'),(203,'2015-12-01','117.215.212.184','2015-12-01 00:57:10',232,'APA91bEc_WGafr4HJtBXlVikxwNZlMXWNHX_VgAqaDbXWKMmkUwcanHeuXBSxyhbdSkennUw4HFLT07JWMbBA0h4MIFiimsEYQP8GiEnZEYp65AbaQ0xRSNaaXi9qIGsiMpDfTuVwS62EWAGQ9bN61pqgtbvcs8HXg',0,'NIT'),(204,'2015-12-01','128.199.236.89','2015-12-01 03:54:41',233,'APA91bFEEso3ns2UBgRxVDaD_Q3d8cVmGkG0aq4PD8LkylGYJnU2om8WFoJKcfc3YZ4VextdWu1dTYEyJ5cXESen8G1ZNbUuMXp-DOTb23uX47E9SLTPlyQsW7CIhrAA2YzsVLHWY9zR3VXdl1dNXmNlK5Uf9Jg6VQ',0,'NIT'),(205,'2015-12-01','107.77.94.122','2015-12-01 11:58:12',234,'APA91bE1gVT3cwpKgaJexsi1x6MC8OH_X4JpabpFmENidBW6fBoqewN-ZQudt1T2Qn8yM85eKj-rj_hURdZRTRSn34HLmdT1iHUpG4viWqCv4StG3yke6kmwp8Yy7OfFSJCmmrhu0bWg_quL8NJpy7_JvWssZ49T5Q',0,'NIT'),(206,'2015-12-01','162.243.6.68','2015-12-01 13:42:39',235,'APA91bEexuA_lX-zGij-S8j78mF7qmotjgMQTHy-mLbcqQkWEK-19sQ1A3mzfZBnVpPqUFZT10XnnAvSMrCiOilh0Pq4TFCsmNKjaK0CxI9zfnQVt18Wgz2Rdbv8cVcTWJW_47duU9TyJ4BlKrBjp7dWFBt2IuVdYA',0,'NIT'),(207,'2015-12-01','106.220.75.34','2015-12-01 14:17:16',236,'APA91bEn9GRxL4-kk6PBDz2KZBpSIeoS5KiWUIDGtb2j57gyPQruSvGAA_7taAujDM4gPYzB-BYcLhNsRXSuONJagqcHjcprIUZM_KFjq-mqKmdHKhwJFkSNln_mzOTdOeK1K_5aVZcnRBMkhn-sqHhL6s5xExObOw',0,'NIT'),(208,'2015-12-01','183.82.193.57','2015-12-01 22:25:47',237,'test12345',0,'NIT'),(209,'2015-12-01','183.82.193.57','2015-12-01 22:29:02',238,'APA91bHZ6eQ7K7cZoGDv_grzJSLYrShns7ysWWc2_IWmsd3w95wMDYr-CRcKaTyqi6YLoLrhBsajyRPpR9461BgkuGJsakkT4ivg_3h8oew8iQ1LdCcJSxx4_3h9BT2G7O1M6KOXthcraCvhDdJsm4X1ccZf93DTdA',0,'NIT'),(210,'2015-12-01','109.228.2.32','2015-12-01 22:40:18',239,'test12345',0,'NIT'),(211,'2015-12-01','122.172.143.193','2015-12-01 22:50:00',240,'APA91bEON2JTUoUXyApHKs0wZKiZDeXJ1v4nDH6AdAQO912RC8zJ_NQsnsZQyg4AvMXYgwtnjy5iJKexZ2SDmnX0On_6HKnQk0RIWLhtPeifrEhke91AIDzBsUkWMvLQfHzjDb8Qlb1UR-W2lcdh2HQZCYBLf6yPwQ',0,'NIT'),(212,'2015-12-02','45.48.150.28','2015-12-02 08:21:01',241,'APA91bGgEvyeOkz9kM6kNq2hh3SsD9ONFv6UC2P-HVBPeyFCOxmr_jnDVfLKr8B9q7IDGos6qh-V9O7wedVz9NrrhLkuRKhFMrKe1fH2-uZnudr8LcIPu--NpuHU2x8v4zAzAXnQYyMoFJ7ssf0d5EADxDt3wMIV2A',0,'NIT'),(213,'2015-12-02','49.14.100.132','2015-12-02 23:48:20',242,'APA91bG-gpJ9rjDBdAl98DHK7GoKOS72Zvye8_bJrEMSLFO5izKMSAVKRnF8f51qX6yZSomfL0VZdkLLFhjshGfG-xhlfCgWgfzGR1jI80KA8-tqM7m7s9gWG8HIBCKtQGChqNLwOiS8doxCa-41VtSFBl7oZ6Cmmw',0,'NIT'),(214,'2015-12-03','117.195.186.104','2015-12-03 11:37:37',243,'APA91bHnhS21_F8tpDGgEFKbahLKVHB5UNZxAYWq0kKWWtcJrPVM_UfcJZCd84cdk8l0mkiOBA737PefFhMujpV-F4GpLRmONfEeeh7qmMYc-g8Xrwaa3MWza5OlJaUzu6l-YIrvKrx9nuYm4B9l07Yba5BKUkoe-Q',0,'NIT'),(215,'2015-12-03','120.60.27.6','2015-12-03 20:44:35',244,'APA91bFI6wh3KpCLWR9FN8-7WZXuRU0o1MDNSUU_ofASrhgp553ngZaEqCIAq91p9cBCzwjhCXHQhznrbaonmtu5lZpj3Ebl-zDLeD9bCOVAuQc9aj9ACaqfhVrKI3HTpNujR2mrpuzHzBK0SomlOQbCCT3Lo3yCNg',0,'NIT'),(216,'2015-12-04','172.30.120.180','2015-12-04 22:33:16',245,'APA91bGHu-HPdpzaMpi4riCsfO7fcXRVwUOFKydPRCvDaugM6vQLEz3dhGWIKHxyym6tInwkOYPn3tjnzY8-8KzZgNjGzmwJSXAoEG7P3C3fema63C2Tucfsz-AoRin9kGDdKeDDRRhK2r-_fDyo_4_FQDeQ6_ep3A',0,'NIT'),(217,'2015-12-05','172.30.146.116','2015-12-05 22:15:17',247,'test12345',0,'NIT'),(218,'2015-12-05','106.77.212.99','2015-12-05 22:46:12',248,'APA91bHB7hrJVdisJnMJFH3iiFVpRfe8DLOuizKytPMY02AHBfgeuf7JgZioOioLyy6yVjROSUYuSlot4WId-ujHPATTlnMowDCBFQR1GUNDzq0E9J6mraBCwRo0iiEIPmxykzikidrcb9Df6EGt5G0YQDIKXFJuUw',0,'NIT'),(219,'2015-12-05','49.15.84.10','2015-12-05 22:56:34',249,'APA91bHtY4M8n9N45GQ4X98uBnkoizANGW0JtRMkQRJNpENRR5IcR5RhcQ0p6SPx1ScxXi61hWTgFSqimRFcGkNRM0QkBIxLQDDH1qYIxqQi_PubGyiRjP5Tolor5BGR8lzJt-xMfjzfHEfb8aPvimm7-Rt06T8yog',0,'NIT'),(220,'2015-12-06','101.223.62.11','2015-12-06 19:34:48',250,'APA91bHt3spyIjznqebL_DSoPtkc4m4IwePmNR-Eg_CjIb1QGDtfJe8v9Xjd_gHLVlX-lLvkBj6zpjthmoTlI2E14LF_Dwb5lKPDvPp-j5F0FAGThX1UyxMGe3Gb_oegLP3yeSe6xwPu53GTLGvr0ZgXyjQv705f7w',0,'NIT'),(221,'2015-12-10','49.203.121.242','2015-12-10 00:10:35',251,'APA91bGj048rpE36McLZHyr3yBOH8sZTlvH7B5Ddrpy3CEgEUhHB00pi3U0J9FElVgeDjJXsCOkjSCQTZz-HbKPjt0l4JSQjoWz6nbEaR0rTe1Wkoc00e0Zj9TFjWVrtO6FNFd3aw044pN1uf6GeKP2-6NAUKNZHRg',0,'NIT'),(222,'2015-12-11','179.187.13.194','2015-12-11 05:40:12',252,'APA91bF5wEg3KlqZTH3iWXwM3a7IKRXBU_HkhRacchK1GdXQIKX-eMtVrFT9GlFjrKluZcMDlNKytDay_hKoCdzMJgLKGSdK50gnTb2VM6hk-Woo326PPA0TUwrrtfNG8k83wEdPXlOtXVaSAG0ou5EYI6fF_D545Q',0,'NIT'),(223,'2015-12-11','106.220.13.37','2015-12-11 12:09:21',253,'APA91bGXVTlxoKAMk2dDbjrY9ITudBaMlTsqCsnCTwqcLb4bXgn2pzxEN-_GbImlq3f_0lXtFBiW-uehlo0E04Ls72x8XEHgc3wrYXh4jvrlMcrG_dSZBN-NBlJWfLppTshzWZXhtaVPy-B1oka79qBxFEwZMHOj1Q',0,'NIT'),(224,'2015-12-11','128.199.243.212','2015-12-11 15:28:50',254,'APA91bF8xs8BmEK5jRda53f3wCvjESo3U-4OG7FEsAwlvPKAopsauS2EKtlT_0B52CuYWakhG4pLJDk8Po43PtXjYqPTtvx9N5PZEW2fStNiscgy2eIGDhUuNlwk938u4ZE5hoaxA6MNaksCZjMuuf1h9hqGkdKOOg',0,'NIT'),(225,'2015-12-11','106.195.170.214','2015-12-11 15:48:07',255,'APA91bGnr_jnb_FmIGI2xMMzm-VmHzBCxHP-jxVHSL7ansDIQoVLfBknIm6fqTZliB29kpnMML3RKQqgERaAXN0HExfRdYyiY2h_TifCmJruyHYvnH4-hsSkDlJqbr-XZr3LLAAD-atoPJw9wecjdky4-9Z0IKhBXA',0,'NIT'),(226,'2015-12-11','103.24.126.6','2015-12-11 15:52:11',257,'APA91bFoJZbAIzcc2oF20OKYm6orzGjqAbM0KwzQ30DywBskfSNzgQdOjogQDzsapMVul19abWUgSg8qprJ0Q5zpt86M6YNWK0hXcuVv9hK80SvIYQNV93ZDBzAxjSSOaFNhpYyzkReg0r42Hcmp1dQspiVcFQ2cxg',0,'NIT'),(227,'2015-12-11','115.114.81.130','2015-12-11 15:56:04',258,'APA91bH3mXbAkPBEEVONaUXLhI3fAPR9bfyZTa2TIBU5N53Fe6cfN0N8ADVjWjrsLsdAc3UnwUPH4RsRB5eMBhUwhACGw_wa-NDFdlOzvUptSGy3PZIH9qVhFyIEyUkyBFjVx_s5lhI_PSd6w6D2dPOcPjds1YuqIw',0,'NIT'),(228,'2015-12-11','119.235.49.43','2015-12-11 21:25:10',259,'APA91bHjuqTcSzc1Wng0B3_Us2-vUBlbOdlE_EIaI00w3k7Yu5Yj9PrsYgmhhzHSmLenUTY5NrZQ8-ESqqv6Ib8KDqODoFhDCDG18MahjNHvbLpML9-R8fNkk23XVg8ZfmULSxkCzy_69NOSCKtuBT5hyTR0bqZcyg',0,'NIT'),(229,'2015-12-11','106.76.0.240','2015-12-11 21:28:05',260,'APA91bEDISQVGBCJnfGMboTtcwhEgKfTBRDuiELnI7kNkAQ61K5NwyJO2TXoC3W6kXUgbHHhOmPnWf4b_96Wa9UArkJT-cQQ6eOFoQLVQHxGiR39hBsLufM43KT1sGX7dqtHQPkLptZoi03g6qQ42OgwJC6K1Ei6mA',0,'NIT'),(230,'2015-12-12','101.223.42.192','2015-12-12 02:01:24',261,'test12345',0,'NIT'),(231,'2015-12-12','115.184.83.224','2015-12-12 08:52:01',262,'APA91bGQokEeRPrd-mkI6lrlzxUVNSa7BAkFRMjQ-xYN94ShyANE1xBXYPm4r9voDAUTggjXzhYu6kGoqegvi7RFno2ES6UfgTmPmD0RQQyHynuLHKOmCqMcqdIl7_G73qlq5I526379S2bcrwczLt4rD1Kl8nazAA',0,'NIT'),(232,'2015-12-12','159.203.251.243','2015-12-12 10:17:56',263,'APA91bE_2_3na4vbYziASCqcbqHh7itj5j5R2DZZqQkZwCk6pfx1yqFxZIT7MSYGpdKLxkc0bn5AsxIBp9wcYpf71WAVmCR0rzIHLFcu6dWJn-exU9yV_m6ti3BIMiOlEXFdeijnBLEHXjKmKcOKxRdsxUZ2hB2ezQ',0,'NIT');
/*!40000 ALTER TABLE `authentication_userprofile` ENABLE KEYS */;
UNLOCK TABLES;

--
-- Table structure for table `django_admin_log`
--

DROP TABLE IF EXISTS `django_admin_log`;
/*!40101 SET @saved_cs_client     = @@character_set_client */;
/*!40101 SET character_set_client = utf8 */;
CREATE TABLE `django_admin_log` (
  `id` int(11) NOT NULL AUTO_INCREMENT,
  `action_time` datetime NOT NULL,
  `object_id` text,
  `object_repr` varchar(200) NOT NULL,
  `action_flag` smallint(5) unsigned NOT NULL,
  `change_message` text NOT NULL,
  `content_type_id` int(11) DEFAULT NULL,
  `user_id` int(11) NOT NULL,
  PRIMARY KEY (`id`),
  KEY `django_admin_log_417f1b1c` (`content_type_id`),
  KEY `django_admin_log_e8701ad4` (`user_id`)
) ENGINE=InnoDB AUTO_INCREMENT=134 DEFAULT CHARSET=latin1;
/*!40101 SET character_set_client = @saved_cs_client */;

--
-- Dumping data for table `django_admin_log`
--

LOCK TABLES `django_admin_log` WRITE;
/*!40000 ALTER TABLE `django_admin_log` DISABLE KEYS */;
INSERT INTO `django_admin_log` VALUES (1,'2015-11-12 21:12:54','1','Hackathon',1,'',9,2),(2,'2015-11-12 21:13:19','1','Hackathon',1,'',8,2),(3,'2015-11-12 21:14:44','1','Hackathon',3,'',8,2),(4,'2015-11-12 21:15:08','2','Hackathon',1,'',8,2),(5,'2015-11-12 21:17:04','2','Hackathon',3,'',8,2),(6,'2015-11-12 21:17:57','3','Hackathon',1,'',8,2),(7,'2015-11-13 00:02:24','2','Lantern',1,'',9,2),(8,'2015-11-13 00:02:48','4','Lantern',1,'',8,2),(9,'2015-11-13 09:57:19','1','makalaaneesh@yahoo.com : Hackathon',1,'',11,2),(10,'2015-11-13 10:09:20','3','Hackathon',2,'Changed image.',8,2),(11,'2015-11-13 10:10:33','4','Lantern',2,'Changed image.',8,2),(12,'2015-11-13 16:31:49','3','SaiTeja\'s visionary lecture',1,'',9,2),(13,'2015-11-13 16:54:47','3','SaiTeja\'s visionary lecture',2,'Changed date_time.',9,2),(14,'2015-11-13 16:55:21','3','SaiTeja\'s visionary lecture',2,'Changed date_time.',9,2),(15,'2015-11-13 17:02:51','3','SaiTeja\'s visionary lecture',2,'Changed date_time.',9,2),(16,'2015-11-13 17:13:01','3','SaiTeja\'s visionary lecture',2,'Changed date_time.',9,2),(17,'2015-11-13 17:13:53','3','SaiTeja\'s visionary lecture',2,'Changed date_time.',9,2),(18,'2015-11-13 17:14:10','3','SaiTeja\'s visionary lecture',2,'Changed date_time.',9,2),(19,'2015-11-13 17:14:34','1','Hackathon',2,'Changed date_time.',9,2),(20,'2015-11-13 17:14:49','1','Hackathon',2,'Changed date_time.',9,2),(21,'2015-11-13 17:15:11','1','Hackathon',2,'Changed date_time.',9,2),(22,'2015-11-13 17:16:04','1','Hackathon',2,'Changed date_time.',9,2),(23,'2015-11-13 17:16:17','1','Hackathon',2,'Changed date_time.',9,2),(24,'2015-11-13 17:19:11','1','makalaaneesh@yahoo.com',2,'Changed ipaddress and mobile_id.',7,2),(25,'2015-11-13 17:19:26','1','Hackathon',2,'Changed date_time.',9,2),(26,'2015-11-13 17:21:00','1','Hackathon',2,'Changed date_time.',9,2),(27,'2015-11-13 17:21:52','1','makalaaneesh@yahoo.com',2,'Changed mobile_id.',7,2),(28,'2015-11-13 17:23:43','1','Hackathon',2,'Changed date_time.',9,2),(29,'2015-11-13 17:24:32','1','Hackathon',2,'Changed date_time.',9,2),(30,'2015-11-13 17:24:57','1','Hackathon',2,'Changed date_time.',9,2),(31,'2015-11-13 17:25:09','1','Hackathon',2,'Changed contact_number_1.',9,2),(32,'2015-11-13 17:30:10','1','Hackathon',2,'Changed date_time.',9,2),(33,'2015-11-13 17:30:31','3','SaiTeja\'s visionary lecture',2,'Changed date_time.',9,2),(34,'2015-11-13 17:33:41','1','Hackathon',2,'Changed venue.',9,2),(35,'2015-11-13 19:14:48','1','Hackathon',2,'Changed date_time.',9,2),(36,'2015-11-14 03:17:06','2','vivekhtc25@gmail.com',1,'',10,2),(37,'2015-11-14 09:28:45','3','SaiTeja\'s visionary lecture',2,'Changed date_time.',9,2),(38,'2015-11-14 09:29:23','5','SaiTeja\'s visionary lecture',1,'',8,2),(39,'2015-11-14 10:19:22','1','makalaaneesh@yahoo.com',2,'Changed first_name.',4,2),(40,'2015-11-16 21:46:46','2','Lantern',2,'Changed date_time.',9,2),(41,'2015-11-16 21:47:40','5','saitej3@gmail.com',3,'',4,2),(42,'2015-11-16 21:48:47','2','Lantern',2,'Changed date_time.',9,2),(43,'2015-11-16 21:50:12','2','Lantern',2,'Changed date_time.',9,2),(44,'2015-11-16 22:09:41','6','saitej3@gmail.com',3,'',4,2),(45,'2015-11-16 22:11:33','2','Lantern',2,'Changed date_time.',9,2),(46,'2015-11-16 22:25:40','7','saitej3@gmail.com',3,'',4,2),(47,'2015-11-16 22:27:11','2','Lantern',2,'Changed date_time.',9,2),(48,'2015-11-16 22:30:24','2','Lantern',2,'Changed date_time.',9,2),(49,'2015-11-16 22:50:04','2','Lantern',2,'Changed date_time.',9,2),(50,'2015-11-16 23:01:09','8','saitej3@gmail.com',3,'',4,2),(51,'2015-11-16 23:03:15','2','Lantern',2,'Changed date_time.',9,2),(52,'2015-11-16 23:07:25','2','Lantern',2,'Changed date_time, contact_name_1, contact_number_1, contact_name_2, contact_number_2 and venue.',9,2),(53,'2015-11-16 23:08:21','2','Lantern',2,'Changed date_time.',9,2),(54,'2015-11-16 23:15:33','1','Hackathon',2,'Changed club, date_time, contact_name_1, contact_name_2 and venue.',9,2),(55,'2015-11-16 23:19:10','3','Hackathon',2,'Changed image.',8,2),(56,'2015-11-16 23:20:54','1','Hackathon',2,'Changed date_time.',9,2),(57,'2015-11-16 23:23:48','10','saitej3@gmail.com',3,'',4,2),(58,'2015-11-16 23:27:15','2','Lantern',2,'Changed date_time.',9,2),(59,'2015-11-16 23:38:15','11','saitej3@gmail.com',3,'',4,2),(60,'2015-11-16 23:49:11','12','saitej3@gmail.com',3,'',4,2),(61,'2015-11-17 00:05:35','3','Hackathon',2,'Changed description.',8,2),(62,'2015-11-17 00:06:15','1','Hackathon',2,'Changed date_time.',9,2),(63,'2015-11-17 00:07:12','1','Hackathon',2,'Changed date_time.',9,2),(64,'2015-11-17 23:57:57','4','Freshers Event',1,'',9,2),(65,'2015-11-17 23:58:57','6','Freshers Event',1,'',8,2),(66,'2015-11-18 00:06:57','5','CSE Freshers',1,'',9,2),(67,'2015-11-18 00:07:49','7','CSE Freshers',1,'',8,2),(68,'2015-11-18 07:14:20','4','Freshers Event',2,'Changed date_time.',9,2),(69,'2015-11-18 07:19:44','5','CSE Freshers',2,'Changed date_time.',9,2),(70,'2015-11-18 07:19:59','5','CSE Freshers',2,'Changed date_time.',9,2),(71,'2015-11-18 08:07:21','6','Painting Club Freshers Event',1,'',9,2),(72,'2015-11-18 08:08:51','8','Painting Club Freshers Event',1,'',8,2),(73,'2015-11-18 12:06:38','1','eventmanagers',1,'',3,2),(74,'2015-11-18 12:06:53','45','quizclub',1,'',4,2),(75,'2015-11-18 12:07:02','45','quizclub',2,'Changed is_staff and groups.',4,2),(76,'2015-11-18 13:51:10','7','TENSIGRITY',1,'',9,2),(77,'2015-11-18 13:53:33','9','TENSIGRITY',2,'Changed image and description.',8,2),(78,'2015-11-18 15:59:37','7','Civil Associaton TENSIGRITY',2,'Changed name.',9,2),(79,'2015-11-18 16:00:43','4','Entrepreneur Club Freshers Event',2,'Changed name.',9,2),(80,'2015-11-18 22:10:46','8','Student - Faculty',1,'',9,2),(81,'2015-11-18 22:13:21','10','Student - Faculty',2,'Changed image and description.',8,2),(82,'2015-11-20 11:21:50','9','Jazbaa: Movie',1,'',9,2),(83,'2015-11-20 11:22:26','11','Jazbaa: Movie',2,'Changed image and description.',8,2),(84,'2015-11-20 11:25:14','10','NITMAS 2015',1,'',9,2),(85,'2015-11-20 11:25:36','12','NITMAS 2015',2,'Changed image and description.',8,2),(86,'2015-11-20 13:49:10','3','Hackathon',2,'Changed description.',8,2),(87,'2015-11-20 13:49:23','12','NITMAS 2015',2,'Changed description.',8,2),(88,'2015-11-20 13:57:27','12','NITMAS 2015',2,'Changed description.',8,2),(89,'2015-11-20 20:15:01','11','El Classico',1,'',9,2),(90,'2015-11-20 20:17:19','13','El Classico',2,'Changed image and description.',8,2),(91,'2015-11-20 22:13:32','12','Thematic nite',1,'',9,2),(92,'2015-11-20 22:15:08','14','Thematic nite',2,'Changed image and description.',8,2),(93,'2015-11-20 22:15:22','14','Thematic nite',2,'Changed description.',8,2),(94,'2015-11-21 07:55:30','13','El Classico',2,'Changed description.',8,2),(95,'2015-11-21 14:36:38','13','Thani Oruvan',1,'',9,2),(96,'2015-11-21 14:38:13','15','Thani Oruvan',2,'Changed image and description.',8,2),(97,'2015-11-21 15:52:02','6','ssreerag@student.nitw.ac.in : Student - Faculty',3,'',11,2),(98,'2015-11-21 16:10:20','7','ssreerag@student.nitw.ac.in : Student - Faculty',3,'',11,2),(99,'2015-11-21 16:12:15','62','ssreerag@student.nitw.ac.in : Thani Oruvan',3,'',10,2),(100,'2015-11-21 16:12:15','61','ssreerag@student.nitw.ac.in : Thematic nite',3,'',10,2),(101,'2015-11-21 22:38:51','1','El Classico : Match is about to st',1,'',12,2),(102,'2015-11-21 22:59:35','2','El Classico : Suarez scores !! Rea',1,'',12,2),(103,'2015-11-21 23:28:23','3','El Classico : Neymar scores to dou',1,'',12,2),(104,'2015-11-21 23:58:55','4','El Classico : Whaaaattta GOAL! Ini',1,'',12,2),(105,'2015-11-22 00:21:00','5','El Classico : Suarez nets his seco',1,'',12,2),(106,'2015-11-22 00:48:25','6','El Classico : Crushing victory for',1,'',12,2),(107,'2015-11-22 01:16:57','14','Premam',1,'',9,2),(108,'2015-11-22 01:17:36','16','Premam',2,'Changed image and description.',8,2),(109,'2015-11-22 11:32:09','125','patshala',1,'',4,2),(110,'2015-11-22 11:32:25','125','patshala',2,'Changed is_staff and groups.',4,2),(111,'2015-11-22 11:33:43','1','eventmanagers',2,'Changed permissions.',3,2),(112,'2015-11-22 11:43:42','126','sreerag',1,'',4,2),(113,'2015-11-22 11:55:32','68','ssreerag@student.nitw.ac.in : Premam',3,'',10,2),(114,'2015-11-22 11:56:37','7','Premam : Movie to start by 8:',1,'',12,2),(115,'2015-11-22 11:58:41','7','Premam : Premam Movie to star',2,'Changed message.',12,2),(116,'2015-11-22 14:38:24','7','Premam : Premam Movie to star',2,'Changed message.',12,2),(117,'2015-11-22 14:40:15','15','all',1,'',9,2),(118,'2015-11-22 14:40:48','17','all',2,'Changed image.',8,2),(119,'2015-11-22 23:31:30','8','all : Our promo is out peo',1,'',12,2),(120,'2015-11-22 23:44:35','9','all : Our first promo for ',1,'',12,2),(121,'2015-11-24 15:07:22','16','DJ Nite',1,'',9,2),(122,'2015-11-24 15:08:30','18','DJ Nite',2,'Changed image and description.',8,2),(123,'2015-11-24 20:39:10','10','all : The last DJ nite of ',1,'',12,2),(124,'2015-11-25 18:36:52','11','all : We have NITMAS: Camp',1,'',12,2),(125,'2015-11-25 23:55:58','17','Essay writing competition',1,'',9,2),(126,'2015-11-25 23:58:49','19','Essay writing competition',2,'Changed image and description.',8,2),(127,'2015-12-03 08:50:30','12','all : All the best for the',1,'',12,2),(128,'2015-12-08 00:52:30','18','GSOC QnA Session',1,'',9,2),(129,'2015-12-08 00:54:40','20','GSOC QnA Session',2,'Changed image and description.',8,2),(130,'2015-12-10 18:38:08','19','Fight Club :Movie',1,'',9,2),(131,'2015-12-10 18:39:53','21','Fight Club :Movie',2,'Changed image and description.',8,2),(132,'2015-12-11 15:06:31','20','Convocation',1,'',9,2),(133,'2015-12-11 15:10:32','22','Convocation',2,'Changed image and description.',8,2);
/*!40000 ALTER TABLE `django_admin_log` ENABLE KEYS */;
UNLOCK TABLES;

--
-- Table structure for table `django_content_type`
--

DROP TABLE IF EXISTS `django_content_type`;
/*!40101 SET @saved_cs_client     = @@character_set_client */;
/*!40101 SET character_set_client = utf8 */;
CREATE TABLE `django_content_type` (
  `id` int(11) NOT NULL AUTO_INCREMENT,
  `app_label` varchar(100) NOT NULL,
  `model` varchar(100) NOT NULL,
  PRIMARY KEY (`id`),
  UNIQUE KEY `app_label` (`app_label`,`model`)
) ENGINE=InnoDB AUTO_INCREMENT=13 DEFAULT CHARSET=latin1;
/*!40101 SET character_set_client = @saved_cs_client */;

--
-- Dumping data for table `django_content_type`
--

LOCK TABLES `django_content_type` WRITE;
/*!40000 ALTER TABLE `django_content_type` DISABLE KEYS */;
INSERT INTO `django_content_type` VALUES (1,'admin','logentry'),(3,'auth','group'),(2,'auth','permission'),(4,'auth','user'),(7,'authentication','userprofile'),(5,'contenttypes','contenttype'),(8,'evm','content'),(9,'evm','event'),(11,'evm','eventratings'),(12,'evm','notification'),(10,'evm','userevents'),(6,'sessions','session');
/*!40000 ALTER TABLE `django_content_type` ENABLE KEYS */;
UNLOCK TABLES;

--
-- Table structure for table `django_migrations`
--

DROP TABLE IF EXISTS `django_migrations`;
/*!40101 SET @saved_cs_client     = @@character_set_client */;
/*!40101 SET character_set_client = utf8 */;
CREATE TABLE `django_migrations` (
  `id` int(11) NOT NULL AUTO_INCREMENT,
  `app` varchar(255) NOT NULL,
  `name` varchar(255) NOT NULL,
  `applied` datetime NOT NULL,
  PRIMARY KEY (`id`)
) ENGINE=InnoDB AUTO_INCREMENT=32 DEFAULT CHARSET=latin1;
/*!40101 SET character_set_client = @saved_cs_client */;

--
-- Dumping data for table `django_migrations`
--

LOCK TABLES `django_migrations` WRITE;
/*!40000 ALTER TABLE `django_migrations` DISABLE KEYS */;
INSERT INTO `django_migrations` VALUES (1,'contenttypes','0001_initial','2015-11-12 18:37:39'),(2,'auth','0001_initial','2015-11-12 18:37:39'),(3,'admin','0001_initial','2015-11-12 18:37:39'),(4,'sessions','0001_initial','2015-11-12 18:37:39'),(5,'authentication','0001_initial','2015-11-12 20:03:35'),(6,'authentication','0002_auto_20151112_2008','2015-11-12 20:08:26'),(7,'evm','0001_initial','2015-11-12 21:01:29'),(8,'evm','0002_auto_20151112_2107','2015-11-12 21:07:17'),(9,'evm','0003_auto_20151112_2111','2015-11-12 21:11:17'),(10,'authentication','0003_userprofile_mobile_id','2015-11-12 21:35:22'),(11,'authentication','0004_auto_20151112_2135','2015-11-12 21:35:22'),(12,'evm','0004_auto_20151112_2135','2015-11-12 21:35:23'),(13,'evm','0005_userevents','2015-11-12 22:10:17'),(14,'contenttypes','0002_remove_content_type_name','2015-11-12 23:25:08'),(15,'auth','0002_alter_permission_name_max_length','2015-11-12 23:25:08'),(16,'auth','0003_alter_user_email_max_length','2015-11-12 23:25:09'),(17,'auth','0004_alter_user_username_opts','2015-11-12 23:25:09'),(18,'auth','0005_alter_user_last_login_null','2015-11-12 23:25:09'),(19,'auth','0006_require_contenttypes_0002','2015-11-12 23:25:10'),(20,'authentication','0005_userprofile_loggedin','2015-11-13 09:55:59'),(21,'evm','0006_eventratings','2015-11-13 09:55:59'),(22,'authentication','0006_auto_20151116_1057','2015-11-17 00:34:39'),(23,'evm','0007_auto_20151116_1057','2015-11-17 00:34:40'),(24,'evm','0008_auto_20151118_0014','2015-11-18 00:14:50'),(25,'evm','0009_auto_20151118_1230','2015-11-18 12:37:17'),(26,'evm','0010_auto_20151118_2054','2015-11-18 23:06:14'),(27,'evm','0011_auto_20151118_2055','2015-11-18 23:06:14'),(28,'evm','0012_auto_20151118_2303','2015-11-18 23:06:14'),(29,'evm','0013_auto_20151120_1459','2015-11-20 17:23:38'),(30,'evm','0014_notification_addedon','2015-11-20 17:23:38'),(31,'evm','0015_notification_addedby','2015-11-22 14:36:21');
/*!40000 ALTER TABLE `django_migrations` ENABLE KEYS */;
UNLOCK TABLES;

--
-- Table structure for table `django_session`
--

DROP TABLE IF EXISTS `django_session`;
/*!40101 SET @saved_cs_client     = @@character_set_client */;
/*!40101 SET character_set_client = utf8 */;
CREATE TABLE `django_session` (
  `session_key` varchar(40) NOT NULL,
  `session_data` text NOT NULL,
  `expire_date` datetime NOT NULL,
  PRIMARY KEY (`session_key`),
  KEY `django_session_de54fa62` (`expire_date`)
) ENGINE=InnoDB DEFAULT CHARSET=latin1;
/*!40101 SET character_set_client = @saved_cs_client */;

--
-- Dumping data for table `django_session`
--

LOCK TABLES `django_session` WRITE;
/*!40000 ALTER TABLE `django_session` DISABLE KEYS */;
INSERT INTO `django_session` VALUES ('0pduylekn8058mrkfuj8kvh8c2bkqxvd','OWM5ZDIxNjc0OTA3NDE3ZTJiNzRhZTI5ZTFiNTMxMDY5YWZjYmU0ZDp7Il9hdXRoX3VzZXJfaGFzaCI6ImY3ODdmMmUxOTU4MDdlMzA0NmVhMGE3NGEyMDcxMTVhZTZmZWFhMzMiLCJfYXV0aF91c2VyX2JhY2tlbmQiOiJkamFuZ28uY29udHJpYi5hdXRoLmJhY2tlbmRzLk1vZGVsQmFja2VuZCIsIl9hdXRoX3VzZXJfaWQiOiIyIn0=','2015-12-06 14:39:25'),('0uiqqlb3wwc48secjxw28knnl9an2s4l','NzM1N2IzMzcyNmE0YjUwOTBmMDhjOGQ1MGJlYmQ0MTAxM2QwMzU2Yjp7Il9hdXRoX3VzZXJfYmFja2VuZCI6ImRqYW5nby5jb250cmliLmF1dGguYmFja2VuZHMuTW9kZWxCYWNrZW5kIiwiX2F1dGhfdXNlcl9oYXNoIjoiZjc4N2YyZTE5NTgwN2UzMDQ2ZWEwYTc0YTIwNzExNWFlNmZlYWEzMyIsIl9hdXRoX3VzZXJfaWQiOiIyIn0=','2015-12-02 12:04:40'),('180wi5t8f41f4wkl5r6fcaujiz95ufve','YTBlNTE3MWI3MDE5MWEzNGUwYjk0Y2YzYjM0ZGNjODBlMDZkNjk1Njp7Il9hdXRoX3VzZXJfYmFja2VuZCI6ImRqYW5nby5jb250cmliLmF1dGguYmFja2VuZHMuTW9kZWxCYWNrZW5kIiwiX2F1dGhfdXNlcl9pZCI6IjIiLCJfYXV0aF91c2VyX2hhc2giOiJmNzg3ZjJlMTk1ODA3ZTMwNDZlYTBhNzRhMjA3MTE1YWU2ZmVhYTMzIn0=','2015-11-30 21:39:36'),('1s5vco30pqmtrk9cs0vxlhnp9h0q9tkn','OWM5ZDIxNjc0OTA3NDE3ZTJiNzRhZTI5ZTFiNTMxMDY5YWZjYmU0ZDp7Il9hdXRoX3VzZXJfaGFzaCI6ImY3ODdmMmUxOTU4MDdlMzA0NmVhMGE3NGEyMDcxMTVhZTZmZWFhMzMiLCJfYXV0aF91c2VyX2JhY2tlbmQiOiJkamFuZ28uY29udHJpYi5hdXRoLmJhY2tlbmRzLk1vZGVsQmFja2VuZCIsIl9hdXRoX3VzZXJfaWQiOiIyIn0=','2015-11-28 10:19:04'),('4rkj5lr4cp22fh1ac2xjy1isbs64l2do','OWM5ZDIxNjc0OTA3NDE3ZTJiNzRhZTI5ZTFiNTMxMDY5YWZjYmU0ZDp7Il9hdXRoX3VzZXJfaGFzaCI6ImY3ODdmMmUxOTU4MDdlMzA0NmVhMGE3NGEyMDcxMTVhZTZmZWFhMzMiLCJfYXV0aF91c2VyX2JhY2tlbmQiOiJkamFuZ28uY29udHJpYi5hdXRoLmJhY2tlbmRzLk1vZGVsQmFja2VuZCIsIl9hdXRoX3VzZXJfaWQiOiIyIn0=','2015-11-29 11:15:41'),('5o5g485ryjog08hifuspkb3lq11nnqp3','OWM5ZDIxNjc0OTA3NDE3ZTJiNzRhZTI5ZTFiNTMxMDY5YWZjYmU0ZDp7Il9hdXRoX3VzZXJfaGFzaCI6ImY3ODdmMmUxOTU4MDdlMzA0NmVhMGE3NGEyMDcxMTVhZTZmZWFhMzMiLCJfYXV0aF91c2VyX2JhY2tlbmQiOiJkamFuZ28uY29udHJpYi5hdXRoLmJhY2tlbmRzLk1vZGVsQmFja2VuZCIsIl9hdXRoX3VzZXJfaWQiOiIyIn0=','2015-11-27 16:26:19'),('6p0l6w3c5ce1ocjfixfesk9xfyu3wavc','OWM5ZDIxNjc0OTA3NDE3ZTJiNzRhZTI5ZTFiNTMxMDY5YWZjYmU0ZDp7Il9hdXRoX3VzZXJfaGFzaCI6ImY3ODdmMmUxOTU4MDdlMzA0NmVhMGE3NGEyMDcxMTVhZTZmZWFhMzMiLCJfYXV0aF91c2VyX2JhY2tlbmQiOiJkamFuZ28uY29udHJpYi5hdXRoLmJhY2tlbmRzLk1vZGVsQmFja2VuZCIsIl9hdXRoX3VzZXJfaWQiOiIyIn0=','2015-12-05 07:55:03'),('754b6qjkfyfjrt7hd4dieh35dbwjf4bt','OWM5ZDIxNjc0OTA3NDE3ZTJiNzRhZTI5ZTFiNTMxMDY5YWZjYmU0ZDp7Il9hdXRoX3VzZXJfaGFzaCI6ImY3ODdmMmUxOTU4MDdlMzA0NmVhMGE3NGEyMDcxMTVhZTZmZWFhMzMiLCJfYXV0aF91c2VyX2JhY2tlbmQiOiJkamFuZ28uY29udHJpYi5hdXRoLmJhY2tlbmRzLk1vZGVsQmFja2VuZCIsIl9hdXRoX3VzZXJfaWQiOiIyIn0=','2015-12-01 00:39:44'),('7p8c341y06gkt39qk9qo479l9gwep38w','OWM5ZDIxNjc0OTA3NDE3ZTJiNzRhZTI5ZTFiNTMxMDY5YWZjYmU0ZDp7Il9hdXRoX3VzZXJfaGFzaCI6ImY3ODdmMmUxOTU4MDdlMzA0NmVhMGE3NGEyMDcxMTVhZTZmZWFhMzMiLCJfYXV0aF91c2VyX2JhY2tlbmQiOiJkamFuZ28uY29udHJpYi5hdXRoLmJhY2tlbmRzLk1vZGVsQmFja2VuZCIsIl9hdXRoX3VzZXJfaWQiOiIyIn0=','2015-12-05 01:58:09'),('7vxjlb78svxlw947fph0mmtvnasgxzyf','OWM5ZDIxNjc0OTA3NDE3ZTJiNzRhZTI5ZTFiNTMxMDY5YWZjYmU0ZDp7Il9hdXRoX3VzZXJfaGFzaCI6ImY3ODdmMmUxOTU4MDdlMzA0NmVhMGE3NGEyMDcxMTVhZTZmZWFhMzMiLCJfYXV0aF91c2VyX2JhY2tlbmQiOiJkamFuZ28uY29udHJpYi5hdXRoLmJhY2tlbmRzLk1vZGVsQmFja2VuZCIsIl9hdXRoX3VzZXJfaWQiOiIyIn0=','2015-12-07 20:51:07'),('9q1hh5kj1wyjpbfxqwnnz6ox9rvq69oq','OWM5ZDIxNjc0OTA3NDE3ZTJiNzRhZTI5ZTFiNTMxMDY5YWZjYmU0ZDp7Il9hdXRoX3VzZXJfaGFzaCI6ImY3ODdmMmUxOTU4MDdlMzA0NmVhMGE3NGEyMDcxMTVhZTZmZWFhMzMiLCJfYXV0aF91c2VyX2JhY2tlbmQiOiJkamFuZ28uY29udHJpYi5hdXRoLmJhY2tlbmRzLk1vZGVsQmFja2VuZCIsIl9hdXRoX3VzZXJfaWQiOiIyIn0=','2015-12-22 00:49:20'),('b0c2py21o47i0jpqsot4hpew2r26la8u','YjI1ODFiZTc3ZDQzYmI3N2ViODE2MjA4MTE0NDEyYWY3MDg4ZjkwNzp7Il9hdXRoX3VzZXJfaWQiOiIyIiwiX2F1dGhfdXNlcl9oYXNoIjoiZjc4N2YyZTE5NTgwN2UzMDQ2ZWEwYTc0YTIwNzExNWFlNmZlYWEzMyIsIl9hdXRoX3VzZXJfYmFja2VuZCI6ImRqYW5nby5jb250cmliLmF1dGguYmFja2VuZHMuTW9kZWxCYWNrZW5kIn0=','2015-12-01 23:54:36'),('denvsqmqbvv2ueg67qicyl6i5gupf2mj','OWM5ZDIxNjc0OTA3NDE3ZTJiNzRhZTI5ZTFiNTMxMDY5YWZjYmU0ZDp7Il9hdXRoX3VzZXJfaGFzaCI6ImY3ODdmMmUxOTU4MDdlMzA0NmVhMGE3NGEyMDcxMTVhZTZmZWFhMzMiLCJfYXV0aF91c2VyX2JhY2tlbmQiOiJkamFuZ28uY29udHJpYi5hdXRoLmJhY2tlbmRzLk1vZGVsQmFja2VuZCIsIl9hdXRoX3VzZXJfaWQiOiIyIn0=','2015-11-27 16:04:23'),('gb2s4w6okcv7zwn3n7dpwkt3vjyan2k0','OWM5ZDIxNjc0OTA3NDE3ZTJiNzRhZTI5ZTFiNTMxMDY5YWZjYmU0ZDp7Il9hdXRoX3VzZXJfaGFzaCI6ImY3ODdmMmUxOTU4MDdlMzA0NmVhMGE3NGEyMDcxMTVhZTZmZWFhMzMiLCJfYXV0aF91c2VyX2JhY2tlbmQiOiJkamFuZ28uY29udHJpYi5hdXRoLmJhY2tlbmRzLk1vZGVsQmFja2VuZCIsIl9hdXRoX3VzZXJfaWQiOiIyIn0=','2015-12-17 08:49:28'),('ia00wt8kqhdxadfynil31i5lew4d0m7y','OWM5ZDIxNjc0OTA3NDE3ZTJiNzRhZTI5ZTFiNTMxMDY5YWZjYmU0ZDp7Il9hdXRoX3VzZXJfaGFzaCI6ImY3ODdmMmUxOTU4MDdlMzA0NmVhMGE3NGEyMDcxMTVhZTZmZWFhMzMiLCJfYXV0aF91c2VyX2JhY2tlbmQiOiJkamFuZ28uY29udHJpYi5hdXRoLmJhY2tlbmRzLk1vZGVsQmFja2VuZCIsIl9hdXRoX3VzZXJfaWQiOiIyIn0=','2015-12-07 10:28:46'),('ko5m9y2yrqr11rtgaun89tu6rfioqgwa','YmJhOGFmZjE0NDI2OWVkYzAxM2YzYmE0MTQyNTllMGJkZDI3OTljZDp7Il9hdXRoX3VzZXJfaWQiOiIyIiwiX2F1dGhfdXNlcl9iYWNrZW5kIjoiZGphbmdvLmNvbnRyaWIuYXV0aC5iYWNrZW5kcy5Nb2RlbEJhY2tlbmQiLCJfYXV0aF91c2VyX2hhc2giOiJmNzg3ZjJlMTk1ODA3ZTMwNDZlYTBhNzRhMjA3MTE1YWU2ZmVhYTMzIn0=','2015-12-04 09:55:33'),('m0jckly4dtrk6hcawl8dco4r0afotw1r','YTBlNTE3MWI3MDE5MWEzNGUwYjk0Y2YzYjM0ZGNjODBlMDZkNjk1Njp7Il9hdXRoX3VzZXJfYmFja2VuZCI6ImRqYW5nby5jb250cmliLmF1dGguYmFja2VuZHMuTW9kZWxCYWNrZW5kIiwiX2F1dGhfdXNlcl9pZCI6IjIiLCJfYXV0aF91c2VyX2hhc2giOiJmNzg3ZjJlMTk1ODA3ZTMwNDZlYTBhNzRhMjA3MTE1YWU2ZmVhYTMzIn0=','2015-12-01 00:34:04'),('m2ccx671d20lkz27doqg5o88qr9yot4l','OWM5ZDIxNjc0OTA3NDE3ZTJiNzRhZTI5ZTFiNTMxMDY5YWZjYmU0ZDp7Il9hdXRoX3VzZXJfaGFzaCI6ImY3ODdmMmUxOTU4MDdlMzA0NmVhMGE3NGEyMDcxMTVhZTZmZWFhMzMiLCJfYXV0aF91c2VyX2JhY2tlbmQiOiJkamFuZ28uY29udHJpYi5hdXRoLmJhY2tlbmRzLk1vZGVsQmFja2VuZCIsIl9hdXRoX3VzZXJfaWQiOiIyIn0=','2015-12-05 22:14:51'),('mj72thi3wzjk7aytb384nzt3zufhrt2y','OWM5ZDIxNjc0OTA3NDE3ZTJiNzRhZTI5ZTFiNTMxMDY5YWZjYmU0ZDp7Il9hdXRoX3VzZXJfaGFzaCI6ImY3ODdmMmUxOTU4MDdlMzA0NmVhMGE3NGEyMDcxMTVhZTZmZWFhMzMiLCJfYXV0aF91c2VyX2JhY2tlbmQiOiJkamFuZ28uY29udHJpYi5hdXRoLmJhY2tlbmRzLk1vZGVsQmFja2VuZCIsIl9hdXRoX3VzZXJfaWQiOiIyIn0=','2015-12-06 15:54:49'),('oudr0gcuz7frqgabyivkuh0hv1jssqjc','OWM5ZDIxNjc0OTA3NDE3ZTJiNzRhZTI5ZTFiNTMxMDY5YWZjYmU0ZDp7Il9hdXRoX3VzZXJfaGFzaCI6ImY3ODdmMmUxOTU4MDdlMzA0NmVhMGE3NGEyMDcxMTVhZTZmZWFhMzMiLCJfYXV0aF91c2VyX2JhY2tlbmQiOiJkamFuZ28uY29udHJpYi5hdXRoLmJhY2tlbmRzLk1vZGVsQmFja2VuZCIsIl9hdXRoX3VzZXJfaWQiOiIyIn0=','2015-12-24 18:33:08'),('sxqwf78baewfmz4s43bo0fmolbw0i2r7','YmJhOGFmZjE0NDI2OWVkYzAxM2YzYmE0MTQyNTllMGJkZDI3OTljZDp7Il9hdXRoX3VzZXJfaWQiOiIyIiwiX2F1dGhfdXNlcl9iYWNrZW5kIjoiZGphbmdvLmNvbnRyaWIuYXV0aC5iYWNrZW5kcy5Nb2RlbEJhY2tlbmQiLCJfYXV0aF91c2VyX2hhc2giOiJmNzg3ZjJlMTk1ODA3ZTMwNDZlYTBhNzRhMjA3MTE1YWU2ZmVhYTMzIn0=','2015-12-04 10:49:47'),('vnw0lt9oq94t2avs93ctmup6m1c7uyyf','OWM5ZDIxNjc0OTA3NDE3ZTJiNzRhZTI5ZTFiNTMxMDY5YWZjYmU0ZDp7Il9hdXRoX3VzZXJfaGFzaCI6ImY3ODdmMmUxOTU4MDdlMzA0NmVhMGE3NGEyMDcxMTVhZTZmZWFhMzMiLCJfYXV0aF91c2VyX2JhY2tlbmQiOiJkamFuZ28uY29udHJpYi5hdXRoLmJhY2tlbmRzLk1vZGVsQmFja2VuZCIsIl9hdXRoX3VzZXJfaWQiOiIyIn0=','2015-12-04 23:47:35'),('zbqozvf4j1ikxjqwu21hv9kinjgz9t8p','MGJhOGM3ZGZhNjMxY2EyNGNhZWQwYmY0ODU4ZWQwYzgzNmQ2YjhiOTp7Il9hdXRoX3VzZXJfaGFzaCI6ImNiMTM5YWYzYjc5YmQ5ODI5ZTQwNWU1MzY2NDU5MmIxNWZiNGNlZGEiLCJfYXV0aF91c2VyX2lkIjoxLCJfYXV0aF91c2VyX2JhY2tlbmQiOiJkamFuZ28uY29udHJpYi5hdXRoLmJhY2tlbmRzLk1vZGVsQmFja2VuZCJ9','2015-11-26 20:19:46'),('zvbuvdfymmke5oepjx1h1rdhok25mdou','OWM5ZDIxNjc0OTA3NDE3ZTJiNzRhZTI5ZTFiNTMxMDY5YWZjYmU0ZDp7Il9hdXRoX3VzZXJfaGFzaCI6ImY3ODdmMmUxOTU4MDdlMzA0NmVhMGE3NGEyMDcxMTVhZTZmZWFhMzMiLCJfYXV0aF91c2VyX2JhY2tlbmQiOiJkamFuZ28uY29udHJpYi5hdXRoLmJhY2tlbmRzLk1vZGVsQmFja2VuZCIsIl9hdXRoX3VzZXJfaWQiOiIyIn0=','2015-12-04 13:56:27');
/*!40000 ALTER TABLE `django_session` ENABLE KEYS */;
UNLOCK TABLES;

--
-- Table structure for table `evm_content`
--

DROP TABLE IF EXISTS `evm_content`;
/*!40101 SET @saved_cs_client     = @@character_set_client */;
/*!40101 SET character_set_client = utf8 */;
CREATE TABLE `evm_content` (
  `id` int(11) NOT NULL AUTO_INCREMENT,
  `image` varchar(100) DEFAULT NULL,
  `event_id` int(11) NOT NULL,
  `addedby_id` int(11) DEFAULT NULL,
  `description` text NOT NULL,
  PRIMARY KEY (`id`),
  UNIQUE KEY `event_id` (`event_id`),
  KEY `evm_content_4343ea3e` (`addedby_id`)
) ENGINE=InnoDB AUTO_INCREMENT=23 DEFAULT CHARSET=latin1;
/*!40101 SET character_set_client = @saved_cs_client */;

--
-- Dumping data for table `evm_content`
--

LOCK TABLES `evm_content` WRITE;
/*!40000 ALTER TABLE `evm_content` DISABLE KEYS */;
INSERT INTO `evm_content` VALUES (3,'ht_FSvuKZ1.jpg',1,2,'Requirements: Laptop, Windows 8.1\nRefreshments will be provided.'),(4,'VIVEKLANTERN.jpg',2,NULL,'This is lantern'),(5,'saitej3.jpg',3,NULL,'dkjasdksad'),(6,'feinvoclub.jpg',4,2,'Exclusively for 1st and 2nd years\nRefreshments will be provided'),(7,'csefreshers15.jpg',5,2,'Freshers Event\nAll first year CSE students invited '),(8,'pcfreshers15.jpg',6,2,'Let imagination fly. Manifest your ideas in the form of paintings,sketches and crafts.\nLots of exciting prices to be won'),(9,'TENSIGRITY15.jpg',7,2,'Civil Engineering Association presents \" TENSIGRITY \". Prize worth 1.5K to be won. Refreshments to be provided.'),(10,'stufacmechas.jpg',8,2,'Student - Faculty talk on \' Utilization of Solar Energy to Produce Hydrogen\'.\nBy Dr. D Jaya Krishna\nOpen for all branches '),(11,'jazbaa.jpg',9,2,'Film Committee brings you\nBollywood\'s latest thriller ` JAZBAA`\nStars: Aishwarya Rai Bachchan, Irrfan Khan.'),(12,'nitmas15.jpg',10,2,'Campus Christmas Celebration.'),(13,'elclassico.jpg',11,2,'Visca Barca or Hala Madrid?! Come to the auditorium to watch the biggest club match of the season!!!'),(14,'themdnd.jpg',12,2,'DnD\'s last event for the semester: Thematic nite with Pavan nite and Romantic nite. '),(15,'thanioruvan.jpg',13,2,'Film Committee presents Thani Oruvan'),(16,'premam.jpg',14,2,'It\'s a Indian Malayalam musical-romantic comedy drama film written, edited, and directed by Alphonse Putharen. It is a three-part portrait of the lead finding his true love.'),(17,'alltest.png',15,2,'Stay tuned for event details'),(18,'djnite.jpg',16,2,'The last Dj nite of the semester'),(19,'essaywrite.jpg',17,2,'Topic - My India , My Constitution\r\nDo participate and Lots of prizes to be won !!!'),(20,'gsoc2016.png',18,2,'Requirements: \r\nCSE 3rd Year\r\nAn open house QnA session on open source development and GSOC by Sudheesh.'),(21,'fightclub.jpg',19,2,'An insomniac office worker, looking for a way to change his life, crosses paths with a devil-may-care soap maker, forming an underground fight club that evolves into something much, much more...'),(22,'convo15.png',20,2,'Its time for the 13th Convocation of NIT Warangal. ');
/*!40000 ALTER TABLE `evm_content` ENABLE KEYS */;
UNLOCK TABLES;

--
-- Table structure for table `evm_event`
--

DROP TABLE IF EXISTS `evm_event`;
/*!40101 SET @saved_cs_client     = @@character_set_client */;
/*!40101 SET character_set_client = utf8 */;
CREATE TABLE `evm_event` (
  `id` int(11) NOT NULL AUTO_INCREMENT,
  `type` varchar(128) NOT NULL,
  `subtype` varchar(128) NOT NULL,
  `name` varchar(128) NOT NULL,
  `date_time` datetime NOT NULL,
  `contact_name_1` varchar(128) NOT NULL,
  `contact_number_1` varchar(10) NOT NULL,
  `contact_name_2` varchar(128) NOT NULL,
  `contact_number_2` varchar(10) NOT NULL,
  `venue` varchar(128) NOT NULL,
  `alias` varchar(128) NOT NULL,
  `addedby_id` int(11) DEFAULT NULL,
  `club` varchar(128) NOT NULL,
  PRIMARY KEY (`id`),
  UNIQUE KEY `name` (`name`),
  UNIQUE KEY `alias` (`alias`),
  KEY `evm_event_4343ea3e` (`addedby_id`)
) ENGINE=InnoDB AUTO_INCREMENT=21 DEFAULT CHARSET=latin1;
/*!40101 SET character_set_client = @saved_cs_client */;

--
-- Dumping data for table `evm_event`
--

LOCK TABLES `evm_event` WRITE;
/*!40000 ALTER TABLE `evm_event` DISABLE KEYS */;
INSERT INTO `evm_event` VALUES (1,'event','general','Hackathon','2015-11-15 10:00:00','Contact#1','1234554321','Contact#2','9876556789','COOPS','ht',NULL,'quiz'),(2,'event','club','Lantern','2015-12-15 04:45:00','Naveen','9848022338','Anand','9848032919','Auditorium','VIVEKLANTERN',NULL,'DLD'),(3,'lecture','general','SaiTeja\'s visionary lecture','2015-11-14 09:28:40','Rishabh','1234554323','Rishabh Karajgi','9292928374','B315','saitej3',NULL,'DND'),(4,'event','club','Entrepreneur Club Freshers Event','2015-11-18 17:31:00','Sri Harsha','7893217234','Vishal','9640417402','Confernence Hall','feinvoclub',2,'DND'),(5,'event','general','CSE Freshers','2015-11-19 18:30:00','Bishal','9652663627','Vishal','9618002078','New Academic Building (NAB)','csefreshers15',2,'DND'),(6,'event','general','Painting Club Freshers Event','2015-11-19 17:30:00','Shiva','9059099661','Nilakshi','8109412294','Academic Building','pcfreshers15',2,'Painting'),(7,'event','general','Civil Associaton TENSIGRITY','2015-11-20 18:00:00','#','#','#','#','Civil Seminar Hall','TENSIGRITY15',2,'DND'),(8,'event','general','Student - Faculty','2015-11-19 17:30:00','Amlan','9437223614','#','#','NSH','stufacmechas',2,'DND'),(9,'event','club','Jazbaa: Movie','2015-11-20 20:15:00','Ajay Nenavath','9492181009','Sumanth','9989053485','Auditorium','jazbaa',2,'Film'),(10,'event','general','NITMAS 2015','2015-11-25 17:30:00','#','#','#','#','Auditorium','nitmas15',2,'DND'),(11,'event','club','El Classico','2015-11-21 22:45:00','#','#','#','#','Auditorium','elclassico',2,'Film'),(12,'event','club','Thematic nite','2015-11-23 20:00:00','#','#','#','#','Auditorium','themdnd',2,'DND'),(13,'event','club','Thani Oruvan','2015-11-21 19:30:00','#','#','#','#','Auditorium','thanioruvan',2,'Film'),(14,'event','club','Premam','2015-11-22 20:30:00','#','#','#','#','Auditorium','premam',2,'Film'),(15,'event','general','all','2015-10-22 14:39:45','#','#','#','#','test','alltest',2,'DND'),(16,'event','general','DJ Nite','2015-11-24 20:30:00','#','#','#','#','Time Square','djnite',2,'music'),(17,'event','general','Essay writing competition','2015-11-26 17:30:00','#','#','#','#','NSH','essaywrite',2,'DND'),(18,'event','IG','GSOC QnA Session','2015-12-08 18:00:00','Sudheesh','9642491155','#','#','Innovation Garage','gsoc2016',2,'Innovation'),(19,'event','club','Fight Club :Movie','2015-12-10 20:30:00','Ajay Nenavath','#','#','#','Auditorium','fightclub',2,'Film'),(20,'event','general','Convocation','2015-12-13 14:30:00','#','#','#','#','Auditorium','convo15',2,'DND');
/*!40000 ALTER TABLE `evm_event` ENABLE KEYS */;
UNLOCK TABLES;

--
-- Table structure for table `evm_eventratings`
--

DROP TABLE IF EXISTS `evm_eventratings`;
/*!40101 SET @saved_cs_client     = @@character_set_client */;
/*!40101 SET character_set_client = utf8 */;
CREATE TABLE `evm_eventratings` (
  `id` int(11) NOT NULL AUTO_INCREMENT,
  `rating` int(11) NOT NULL,
  `feedback` text NOT NULL,
  `event_id` int(11) NOT NULL,
  `user_id` int(11) NOT NULL,
  PRIMARY KEY (`id`),
  KEY `evm_eventratings_4437cfac` (`event_id`),
  KEY `evm_eventratings_e8701ad4` (`user_id`)
) ENGINE=InnoDB AUTO_INCREMENT=18 DEFAULT CHARSET=latin1;
/*!40101 SET character_set_client = @saved_cs_client */;

--
-- Dumping data for table `evm_eventratings`
--

LOCK TABLES `evm_eventratings` WRITE;
/*!40000 ALTER TABLE `evm_eventratings` DISABLE KEYS */;
INSERT INTO `evm_eventratings` VALUES (1,4,'This is a good event',1,1),(2,3,'dfdfdsfdsfsdfsfsdfsdfsdf',2,2),(3,5,'Great event!',2,9),(5,4,'it was good ',4,4),(8,5,'It was really informative',8,30),(9,5,'',11,9),(10,3,'real Madrid lost ',11,4),(11,5,'',11,93),(12,5,'',11,13),(13,4,'',16,15),(14,4,'',16,176),(15,4,'',16,121),(16,4,'',16,164),(17,1,'',12,156);
/*!40000 ALTER TABLE `evm_eventratings` ENABLE KEYS */;
UNLOCK TABLES;

--
-- Table structure for table `evm_notification`
--

DROP TABLE IF EXISTS `evm_notification`;
/*!40101 SET @saved_cs_client     = @@character_set_client */;
/*!40101 SET character_set_client = utf8 */;
CREATE TABLE `evm_notification` (
  `id` int(11) NOT NULL AUTO_INCREMENT,
  `message` text NOT NULL,
  `event_id` int(11) NOT NULL,
  `addedon` datetime NOT NULL,
  `addedby_id` int(11),
  PRIMARY KEY (`id`),
  KEY `evm_notification_4437cfac` (`event_id`),
  KEY `evm_notification_4343ea3e` (`addedby_id`),
  CONSTRAINT `evm_notification_addedby_id_171a212d32de5758_fk_auth_user_id` FOREIGN KEY (`addedby_id`) REFERENCES `auth_user` (`id`)
) ENGINE=InnoDB AUTO_INCREMENT=13 DEFAULT CHARSET=latin1;
/*!40101 SET character_set_client = @saved_cs_client */;

--
-- Dumping data for table `evm_notification`
--

LOCK TABLES `evm_notification` WRITE;
/*!40000 ALTER TABLE `evm_notification` DISABLE KEYS */;
INSERT INTO `evm_notification` VALUES (1,'Match is about to start! Are you there at the audi yet?!',11,'2015-11-21 22:38:51',NULL),(2,'Suarez scores !! Real Madrid -0 Barcelona - 1',11,'2015-11-21 22:59:35',NULL),(3,'Neymar scores to double Barcelona\'s lead at the Bernabeu! Madrid-0 Barca-2',11,'2015-11-21 23:28:23',NULL),(4,'Whaaaattta GOAL! Iniesta for the Catalans! RMA-0 BAR-3',11,'2015-11-21 23:58:55',NULL),(5,'Suarez nets his second goal and Barca\'s fourth of the night! RMA-0 BAR-4',11,'2015-11-22 00:21:00',NULL),(6,'Crushing victory for Barcelona! RMA-0 BAR-4',11,'2015-11-22 00:48:25',NULL),(7,'Premam Movie to start by 8:30pm today testing',14,'2015-11-22 14:38:24',2),(8,'Our promo is out people. Check it out on the Event Hub page',15,'2015-11-22 23:31:30',2),(9,'Our first promo for Event Hub is out. Check out our Event Hub page.',15,'2015-11-22 23:44:35',2),(10,'The last DJ nite of this semester is about to start. Don\'t miss it. ',15,'2015-11-24 20:39:10',2),(11,'We have NITMAS: Campus Christmas Celebrations today. Follow the event here. ',15,'2015-11-25 18:36:52',2),(12,'All the best for the end-examinations!',15,'2015-12-03 08:50:30',2);
/*!40000 ALTER TABLE `evm_notification` ENABLE KEYS */;
UNLOCK TABLES;

--
-- Table structure for table `evm_userevents`
--

DROP TABLE IF EXISTS `evm_userevents`;
/*!40101 SET @saved_cs_client     = @@character_set_client */;
/*!40101 SET character_set_client = utf8 */;
CREATE TABLE `evm_userevents` (
  `id` int(11) NOT NULL AUTO_INCREMENT,
  `event_id` int(11) NOT NULL,
  `user_id` int(11) NOT NULL,
  PRIMARY KEY (`id`),
  KEY `evm_userevents_4437cfac` (`event_id`),
  KEY `evm_userevents_e8701ad4` (`user_id`)
) ENGINE=InnoDB AUTO_INCREMENT=114 DEFAULT CHARSET=latin1;
/*!40101 SET character_set_client = @saved_cs_client */;

--
-- Dumping data for table `evm_userevents`
--

LOCK TABLES `evm_userevents` WRITE;
/*!40000 ALTER TABLE `evm_userevents` DISABLE KEYS */;
INSERT INTO `evm_userevents` VALUES (1,1,1),(3,2,4),(8,2,9),(13,2,13),(14,1,13),(15,2,15),(16,2,17),(17,2,22),(18,2,28),(19,4,4),(20,4,20),(21,5,4),(22,5,20),(23,2,40),(24,4,42),(25,5,40),(26,5,29),(27,4,9),(28,5,9),(29,4,23),(30,2,53),(31,4,33),(32,5,56),(33,2,30),(34,4,55),(35,2,58),(36,6,64),(37,7,68),(38,8,30),(39,9,4),(40,11,4),(41,11,80),(42,11,81),(43,11,16),(44,11,9),(45,11,86),(46,10,88),(47,11,89),(48,11,66),(49,11,13),(50,11,91),(51,11,93),(52,11,20),(53,11,55),(54,11,94),(55,11,29),(56,11,100),(57,11,104),(58,11,107),(59,11,108),(60,11,76),(63,13,30),(64,13,114),(65,11,115),(66,11,117),(67,10,15),(69,14,30),(70,14,131),(71,14,132),(72,14,4),(73,12,21),(74,10,19),(75,12,19),(76,12,141),(77,2,141),(78,12,148),(79,10,141),(80,12,59),(81,12,152),(82,10,152),(83,12,121),(84,12,153),(85,12,156),(86,2,162),(87,10,165),(88,10,127),(89,10,168),(90,16,15),(91,16,152),(92,16,112),(93,16,164),(94,2,121),(95,2,168),(96,17,206),(97,2,212),(98,2,213),(99,2,217),(100,2,158),(101,2,237),(102,2,250),(103,2,229),(104,2,214),(105,18,9),(106,19,13),(107,19,115),(108,20,119),(109,20,257),(110,20,258),(111,2,97),(112,20,260),(113,20,261);
/*!40000 ALTER TABLE `evm_userevents` ENABLE KEYS */;
UNLOCK TABLES;
/*!40103 SET TIME_ZONE=@OLD_TIME_ZONE */;

/*!40101 SET SQL_MODE=@OLD_SQL_MODE */;
/*!40014 SET FOREIGN_KEY_CHECKS=@OLD_FOREIGN_KEY_CHECKS */;
/*!40014 SET UNIQUE_CHECKS=@OLD_UNIQUE_CHECKS */;
/*!40101 SET CHARACTER_SET_CLIENT=@OLD_CHARACTER_SET_CLIENT */;
/*!40101 SET CHARACTER_SET_RESULTS=@OLD_CHARACTER_SET_RESULTS */;
/*!40101 SET COLLATION_CONNECTION=@OLD_COLLATION_CONNECTION */;
/*!40111 SET SQL_NOTES=@OLD_SQL_NOTES */;

-- Dump completed on 2015-12-12  4:34:07
